x-axis,1,2
second,Volt,Volt
-500.0000E-06,+292.4622372E-03,+33.0834184289E+00
-499.5000E-06,+533.6682647E-03,+33.0834184289E+00
-499.0000E-06,+694.4722831E-03,+33.8874385357E+00
-498.5000E-06,+935.6783107E-03,+33.0834184289E+00
-498.0000E-06,+1.1768843383E+00,+33.0834184289E+00
-497.5000E-06,+1.4984923750E+00,+33.8874385357E+00
-497.0000E-06,+1.5788943842E+00,+33.8874385357E+00
-496.5000E-06,+1.8201004118E+00,+33.8874385357E+00
-496.0000E-06,+2.0613064393E+00,+33.8874385357E+00
-495.5000E-06,+2.2221104577E+00,+33.0834184289E+00
-495.0000E-06,+2.4633164853E+00,+33.0834184289E+00
-494.5000E-06,+2.7045225129E+00,+33.0834184289E+00
-494.0000E-06,+2.8653265312E+00,+33.0834184289E+00
-493.5000E-06,+3.1065325588E+00,+33.0834184289E+00
-493.0000E-06,+3.3477385864E+00,+33.0834184289E+00
-492.5000E-06,+3.4281405956E+00,+33.8874385357E+00
-492.0000E-06,+3.5085426047E+00,+33.0834184289E+00
-491.5000E-06,+3.4281405956E+00,+33.0834184289E+00
-491.0000E-06,+3.4281405956E+00,+33.0834184289E+00
-490.5000E-06,+3.4281405956E+00,+33.0834184289E+00
-490.0000E-06,+3.4281405956E+00,+33.0834184289E+00
-489.5000E-06,+3.5085426047E+00,+33.0834184289E+00
-489.0000E-06,+3.4281405956E+00,+33.8874385357E+00
-488.5000E-06,+3.4281405956E+00,+33.0834184289E+00
-488.0000E-06,+3.4281405956E+00,+33.8874385357E+00
-487.5000E-06,+3.4281405956E+00,+33.0834184289E+00
-487.0000E-06,+3.4281405956E+00,+33.0834184289E+00
-486.5000E-06,+3.5085426047E+00,+32.2793983221E+00
-486.0000E-06,+3.4281405956E+00,+33.8874385357E+00
-485.5000E-06,+3.3477385864E+00,+32.2793983221E+00
-485.0000E-06,+3.4281405956E+00,+33.0834184289E+00
-484.5000E-06,+3.5085426047E+00,+33.0834184289E+00
-484.0000E-06,+3.4281405956E+00,+33.0834184289E+00
-483.5000E-06,+3.5085426047E+00,+33.0834184289E+00
-483.0000E-06,+3.5085426047E+00,+33.0834184289E+00
-482.5000E-06,+3.4281405956E+00,+33.8874385357E+00
-482.0000E-06,+3.4281405956E+00,+33.0834184289E+00
-481.5000E-06,+3.5085426047E+00,+33.0834184289E+00
-481.0000E-06,+3.4281405956E+00,+33.0834184289E+00
-480.5000E-06,+3.5085426047E+00,+33.0834184289E+00
-480.0000E-06,+3.4281405956E+00,+33.8874385357E+00
-479.5000E-06,+3.4281405956E+00,+33.8874385357E+00
-479.0000E-06,+3.4281405956E+00,+33.0834184289E+00
-478.5000E-06,+3.4281405956E+00,+33.0834184289E+00
-478.0000E-06,+3.4281405956E+00,+33.0834184289E+00
-477.5000E-06,+3.4281405956E+00,+33.8874385357E+00
-477.0000E-06,+3.4281405956E+00,+33.0834184289E+00
-476.5000E-06,+3.4281405956E+00,+33.0834184289E+00
-476.0000E-06,+3.4281405956E+00,+33.0834184289E+00
-475.5000E-06,+3.4281405956E+00,+33.8874385357E+00
-475.0000E-06,+3.5085426047E+00,+33.0834184289E+00
-474.5000E-06,+3.5085426047E+00,+32.2793983221E+00
-474.0000E-06,+3.4281405956E+00,+33.0834184289E+00
-473.5000E-06,+3.4281405956E+00,+33.0834184289E+00
-473.0000E-06,+3.4281405956E+00,+33.8874385357E+00
-472.5000E-06,+3.4281405956E+00,+33.8874385357E+00
-472.0000E-06,+3.5085426047E+00,+33.0834184289E+00
-471.5000E-06,+3.5085426047E+00,+33.0834184289E+00
-471.0000E-06,+3.4281405956E+00,+33.8874385356E+00
-470.5000E-06,+3.4281405956E+00,+33.0834184289E+00
-470.0000E-06,+3.5085426047E+00,+33.0834184289E+00
-469.5000E-06,+3.5085426047E+00,+33.8874385357E+00
-469.0000E-06,+3.4281405956E+00,+33.0834184289E+00
-468.5000E-06,+3.5085426047E+00,+32.2793983221E+00
-468.0000E-06,+3.5085426047E+00,+33.8874385357E+00
-467.5000E-06,+3.4281405956E+00,+33.8874385357E+00
-467.0000E-06,+3.4281405956E+00,+33.0834184289E+00
-466.5000E-06,+3.5085426047E+00,+33.8874385357E+00
-466.0000E-06,+3.4281405956E+00,+33.0834184289E+00
-465.5000E-06,+3.4281405956E+00,+33.8874385357E+00
-465.0000E-06,+3.4281405956E+00,+33.8874385357E+00
-464.5000E-06,+3.4281405956E+00,+33.0834184289E+00
-464.0000E-06,+3.4281405956E+00,+33.0834184289E+00
-463.5000E-06,+3.5085426047E+00,+33.0834184289E+00
-463.0000E-06,+3.4281405956E+00,+33.0834184289E+00
-462.5000E-06,+3.4281405956E+00,+32.2793983221E+00
-462.0000E-06,+3.5085426047E+00,+33.0834184289E+00
-461.5000E-06,+3.5085426047E+00,+33.8874385357E+00
-461.0000E-06,+3.4281405956E+00,+33.0834184289E+00
-460.5000E-06,+3.4281405956E+00,+33.8874385357E+00
-460.0000E-06,+3.5085426047E+00,+33.0834184289E+00
-459.5000E-06,+3.4281405956E+00,+33.8874385357E+00
-459.0000E-06,+3.4281405956E+00,+33.8874385357E+00
-458.5000E-06,+3.5085426047E+00,+33.0834184289E+00
-458.0000E-06,+3.5085426047E+00,+33.0834184289E+00
-457.5000E-06,+3.4281405956E+00,+33.0834184289E+00
-457.0000E-06,+3.5085426047E+00,+33.8874385357E+00
-456.5000E-06,+3.5085426047E+00,+33.0834184289E+00
-456.0000E-06,+3.4281405956E+00,+33.8874385357E+00
-455.5000E-06,+3.4281405956E+00,+33.0834184289E+00
-455.0000E-06,+3.5085426047E+00,+32.2793983221E+00
-454.5000E-06,+3.4281405956E+00,+33.0834184289E+00
-454.0000E-06,+3.5085426047E+00,+33.0834184289E+00
-453.5000E-06,+3.5085426047E+00,+33.8874385357E+00
-453.0000E-06,+3.4281405956E+00,+33.0834184289E+00
-452.5000E-06,+3.5085426047E+00,+33.0834184289E+00
-452.0000E-06,+3.5085426047E+00,+33.8874385357E+00
-451.5000E-06,+3.5085426047E+00,+33.8874385357E+00
-451.0000E-06,+3.5085426047E+00,+33.0834184289E+00
-450.5000E-06,+3.5085426047E+00,+33.0834184289E+00
-450.0000E-06,+3.5085426047E+00,+33.0834184289E+00
-449.5000E-06,+3.5085426047E+00,+33.8874385357E+00
-449.0000E-06,+3.5085426047E+00,+33.8874385357E+00
-448.5000E-06,+3.5085426047E+00,+33.0834184289E+00
-448.0000E-06,+3.4281405956E+00,+33.8874385357E+00
-447.5000E-06,+3.4281405956E+00,+33.0834184289E+00
-447.0000E-06,+3.5085426047E+00,+33.0834184289E+00
-446.5000E-06,+3.4281405956E+00,+33.8874385357E+00
-446.0000E-06,+3.5085426047E+00,+33.0834184289E+00
-445.5000E-06,+3.5085426047E+00,+33.0834184289E+00
-445.0000E-06,+3.5085426047E+00,+33.0834184289E+00
-444.5000E-06,+3.4281405956E+00,+33.0834184289E+00
-444.0000E-06,+3.5085426047E+00,+33.0834184289E+00
-443.5000E-06,+3.5085426047E+00,+33.0834184289E+00
-443.0000E-06,+3.5085426047E+00,+33.0834184289E+00
-442.5000E-06,+3.5085426047E+00,+33.0834184289E+00
-442.0000E-06,+3.5085426047E+00,+33.0834184289E+00
-441.5000E-06,+3.4281405956E+00,+32.2793983221E+00
-441.0000E-06,+3.5085426047E+00,+33.0834184289E+00
-440.5000E-06,+3.5085426047E+00,+33.0834184289E+00
-440.0000E-06,+3.5085426047E+00,+33.0834184289E+00
-439.5000E-06,+3.4281405956E+00,+33.0834184289E+00
-439.0000E-06,+3.5085426047E+00,+33.0834184289E+00
-438.5000E-06,+3.5085426047E+00,+33.0834184289E+00
-438.0000E-06,+3.4281405956E+00,+33.0834184289E+00
-437.5000E-06,+3.4281405956E+00,+33.0834184289E+00
-437.0000E-06,+3.5085426047E+00,+33.8874385357E+00
-436.5000E-06,+3.5085426047E+00,+33.0834184289E+00
-436.0000E-06,+3.5085426047E+00,+33.8874385357E+00
-435.5000E-06,+3.5085426047E+00,+33.0834184289E+00
-435.0000E-06,+3.5085426047E+00,+33.0834184289E+00
-434.5000E-06,+3.5085426047E+00,+33.0834184289E+00
-434.0000E-06,+3.5085426047E+00,+33.0834184289E+00
-433.5000E-06,+3.5085426047E+00,+33.0834184289E+00
-433.0000E-06,+3.4281405956E+00,+33.8874385357E+00
-432.5000E-06,+3.5085426047E+00,+32.2793983221E+00
-432.0000E-06,+3.5085426047E+00,+33.0834184289E+00
-431.5000E-06,+3.5085426047E+00,+32.2793983221E+00
-431.0000E-06,+3.5085426047E+00,+32.2793983221E+00
-430.5000E-06,+3.5085426047E+00,+33.0834184289E+00
-430.0000E-06,+3.4281405956E+00,+33.8874385357E+00
-429.5000E-06,+3.4281405956E+00,+33.0834184289E+00
-429.0000E-06,+3.4281405956E+00,+33.0834184289E+00
-428.5000E-06,+3.5085426047E+00,+33.0834184289E+00
-428.0000E-06,+3.5085426047E+00,+33.8874385357E+00
-427.5000E-06,+3.5085426047E+00,+33.8874385357E+00
-427.0000E-06,+3.4281405956E+00,+33.0834184289E+00
-426.5000E-06,+3.5085426047E+00,+32.2793983221E+00
-426.0000E-06,+3.5085426047E+00,+33.0834184289E+00
-425.5000E-06,+3.4281405956E+00,+33.0834184289E+00
-425.0000E-06,+3.5085426047E+00,+33.8874385357E+00
-424.5000E-06,+3.5085426047E+00,+33.8874385357E+00
-424.0000E-06,+3.4281405956E+00,+33.8874385357E+00
-423.5000E-06,+3.4281405956E+00,+33.0834184289E+00
-423.0000E-06,+3.5085426047E+00,+33.0834184289E+00
-422.5000E-06,+3.4281405956E+00,+33.0834184289E+00
-422.0000E-06,+3.5085426047E+00,+33.8874385357E+00
-421.5000E-06,+3.5085426047E+00,+33.0834184289E+00
-421.0000E-06,+3.5085426047E+00,+33.0834184289E+00
-420.5000E-06,+3.4281405956E+00,+33.0834184289E+00
-420.0000E-06,+3.4281405956E+00,+33.0834184289E+00
-419.5000E-06,+3.5085426047E+00,+33.0834184289E+00
-419.0000E-06,+3.5085426047E+00,+33.8874385357E+00
-418.5000E-06,+3.4281405956E+00,+33.0834184289E+00
-418.0000E-06,+3.5085426047E+00,+33.8874385357E+00
-417.5000E-06,+3.5085426047E+00,+33.0834184289E+00
-417.0000E-06,+3.5085426047E+00,+33.0834184289E+00
-416.5000E-06,+3.5085426047E+00,+33.0834184289E+00
-416.0000E-06,+3.5085426047E+00,+33.0834184289E+00
-415.5000E-06,+3.3477385864E+00,+3.3346744774E+00
-415.0000E-06,+3.4281405956E+00,+922.6141572E-03
-414.5000E-06,+3.5085426047E+00,+118.5940504E-03
-414.0000E-06,+3.5085426047E+00,+922.6141572E-03
-413.5000E-06,+3.4281405956E+00,+922.6141572E-03
-413.0000E-06,+3.5085426047E+00,+922.6141572E-03
-412.5000E-06,+3.5085426047E+00,+118.5940504E-03
-412.0000E-06,+3.5085426047E+00,+922.6141572E-03
-411.5000E-06,+3.5085426047E+00,+922.6141572E-03
-411.0000E-06,+3.5085426047E+00,+922.6141572E-03
-410.5000E-06,+3.4281405956E+00,+922.6141572E-03
-410.0000E-06,+3.5085426047E+00,+922.6141572E-03
-409.5000E-06,+3.5085426047E+00,+118.5940504E-03
-409.0000E-06,+3.5085426047E+00,+922.6141572E-03
-408.5000E-06,+3.5085426047E+00,+922.6141572E-03
-408.0000E-06,+3.5085426047E+00,+922.6141572E-03
-407.5000E-06,+3.4281405956E+00,+922.6141572E-03
-407.0000E-06,+3.4281405956E+00,+922.6141572E-03
-406.5000E-06,+3.5085426047E+00,+118.5940504E-03
-406.0000E-06,+3.5889446139E+00,+922.6141572E-03
-405.5000E-06,+3.5085426047E+00,+922.6141572E-03
-405.0000E-06,+3.5085426047E+00,+922.6141572E-03
-404.5000E-06,+3.5889446139E+00,+118.5940504E-03
-404.0000E-06,+3.5085426047E+00,+118.5940505E-03
-403.5000E-06,+3.5085426047E+00,+922.6141572E-03
-403.0000E-06,+3.5085426047E+00,+118.5940504E-03
-402.5000E-06,+3.5889446139E+00,+118.5940505E-03
-402.0000E-06,+3.5085426047E+00,+922.6141572E-03
-401.5000E-06,+3.5085426047E+00,+118.5940504E-03
-401.0000E-06,+3.5085426047E+00,+922.6141572E-03
-400.5000E-06,+3.5085426047E+00,+922.6141572E-03
-400.0000E-06,+3.4281405956E+00,+922.6141572E-03
-399.5000E-06,+3.5889446139E+00,+118.5940504E-03
-399.0000E-06,+3.5085426047E+00,+922.6141572E-03
-398.5000E-06,+3.5085426047E+00,+922.6141572E-03
-398.0000E-06,+3.5085426047E+00,+118.5940505E-03
-397.5000E-06,+3.5085426047E+00,+922.6141572E-03
-397.0000E-06,+3.4281405956E+00,+922.6141572E-03
-396.5000E-06,+3.5085426047E+00,+922.6141572E-03
-396.0000E-06,+3.5085426047E+00,+922.6141572E-03
-395.5000E-06,+3.5085426047E+00,+922.6141572E-03
-395.0000E-06,+3.5085426047E+00,+922.6141571E-03
-394.5000E-06,+3.5085426047E+00,+922.6141571E-03
-394.0000E-06,+3.5085426047E+00,+922.6141572E-03
-393.5000E-06,+3.4281405956E+00,+118.5940505E-03
-393.0000E-06,+3.5085426047E+00,+922.6141571E-03
-392.5000E-06,+3.5085426047E+00,+118.5940505E-03
-392.0000E-06,+3.5085426047E+00,+118.5940504E-03
-391.5000E-06,+3.5085426047E+00,+118.5940505E-03
-391.0000E-06,+3.5085426047E+00,+118.5940504E-03
-390.5000E-06,+3.5085426047E+00,+1.7266342639E+00
-390.0000E-06,+3.5085426047E+00,+118.5940504E-03
-389.5000E-06,+3.5889446139E+00,+118.5940504E-03
-389.0000E-06,+3.5085426047E+00,+118.5940505E-03
-388.5000E-06,+3.5085426047E+00,+922.6141572E-03
-388.0000E-06,+3.5085426048E+00,+922.6141571E-03
-387.5000E-06,+3.5085426047E+00,+922.6141571E-03
-387.0000E-06,+3.5085426047E+00,+922.6141572E-03
-386.5000E-06,+3.5889446139E+00,+118.5940504E-03
-386.0000E-06,+3.5085426047E+00,+922.6141572E-03
-385.5000E-06,+3.5085426047E+00,+922.6141571E-03
-385.0000E-06,+3.5085426047E+00,+922.6141571E-03
-384.5000E-06,+3.5085426047E+00,+922.6141572E-03
-384.0000E-06,+3.4281405956E+00,+118.5940504E-03
-383.5000E-06,+3.5085426047E+00,+118.5940504E-03
-383.0000E-06,+3.3477385864E+00,-685.4260563E-03
-382.5000E-06,+3.1869345680E+00,+118.5940505E-03
-382.0000E-06,+3.1065325588E+00,+922.6141572E-03
-381.5000E-06,+3.0261305496E+00,+922.6141572E-03
-381.0000E-06,+2.8653265312E+00,+922.6141571E-03
-380.5000E-06,+2.7045225129E+00,+922.6141572E-03
-380.0000E-06,+2.5437184945E+00,+118.5940504E-03
-379.5000E-06,+2.3829144761E+00,+118.5940504E-03
-379.0000E-06,+2.3025124669E+00,+922.6141572E-03
-378.5000E-06,+2.0613064393E+00,+118.5940504E-03
-378.0000E-06,+1.9809044301E+00,+922.6141571E-03
-377.5000E-06,+1.7396984026E+00,+922.6141572E-03
-377.0000E-06,+1.5788943842E+00,+922.6141571E-03
-376.5000E-06,+1.4180903658E+00,+118.5940505E-03
-376.0000E-06,+1.2572863474E+00,+922.6141571E-03
-375.5000E-06,+1.0964823291E+00,+118.5940504E-03
-375.0000E-06,+855.2763015E-03,+118.5940505E-03
-374.5000E-06,+614.0702739E-03,+922.6141572E-03
-374.0000E-06,+453.2662556E-03,+118.5940504E-03
-373.5000E-06,+292.4622372E-03,+118.5940503E-03
-373.0000E-06,+131.6582188E-03,+118.5940504E-03
-372.5000E-06,+51.2562096E-03,+922.6141571E-03
-372.0000E-06,-29.1457996E-03,+118.5940504E-03
-371.5000E-06,+51.2562096E-03,+922.6141571E-03
-371.0000E-06,-29.1457996E-03,+922.6141572E-03
-370.5000E-06,-29.1457996E-03,+922.6141571E-03
-370.0000E-06,+51.2562096E-03,+118.5940504E-03
-369.5000E-06,-29.1457996E-03,+922.6141571E-03
-369.0000E-06,-29.1457996E-03,+118.5940505E-03
-368.5000E-06,+51.2562096E-03,+118.5940504E-03
-368.0000E-06,-29.1457996E-03,+922.6141572E-03
-367.5000E-06,-29.1457996E-03,+922.6141572E-03
-367.0000E-06,-29.1457996E-03,+118.5940505E-03
-366.5000E-06,-29.1457996E-03,+922.6141572E-03
-366.0000E-06,-29.1457996E-03,+922.6141572E-03
-365.5000E-06,+51.2562096E-03,+922.6141571E-03
-365.0000E-06,+51.2562096E-03,+922.6141572E-03
-364.5000E-06,+51.2562096E-03,+922.6141572E-03
-364.0000E-06,-29.1457996E-03,+922.6141572E-03
-363.5000E-06,+51.2562096E-03,+922.6141572E-03
-363.0000E-06,+51.2562096E-03,+922.6141572E-03
-362.5000E-06,+51.2562096E-03,+118.5940505E-03
-362.0000E-06,+51.2562096E-03,+118.5940504E-03
-361.5000E-06,+51.2562096E-03,+922.6141572E-03
-361.0000E-06,-29.1457996E-03,+118.5940505E-03
-360.5000E-06,+51.2562096E-03,+118.5940504E-03
-360.0000E-06,+51.2562096E-03,+118.5940504E-03
-359.5000E-06,+51.2562096E-03,+118.5940505E-03
-359.0000E-06,+51.2562096E-03,+922.6141571E-03
-358.5000E-06,-29.1457996E-03,-685.4260562E-03
-358.0000E-06,+51.2562096E-03,+922.6141572E-03
-357.5000E-06,+51.2562096E-03,+118.5940504E-03
-357.0000E-06,+51.2562096E-03,+118.5940505E-03
-356.5000E-06,-29.1457996E-03,+1.7266342638E+00
-356.0000E-06,-29.1457996E-03,+922.6141571E-03
-355.5000E-06,-29.1457996E-03,+118.5940504E-03
-355.0000E-06,-29.1457996E-03,+118.5940505E-03
-354.5000E-06,+51.2562096E-03,+922.6141572E-03
-354.0000E-06,-29.1457996E-03,+922.6141572E-03
-353.5000E-06,-29.1457996E-03,+922.6141571E-03
-353.0000E-06,+51.2562096E-03,+922.6141572E-03
-352.5000E-06,+51.2562096E-03,+118.5940503E-03
-352.0000E-06,+51.2562096E-03,+118.5940504E-03
-351.5000E-06,-29.1457996E-03,+1.7266342639E+00
-351.0000E-06,-29.1457996E-03,+118.5940504E-03
-350.5000E-06,-29.1457996E-03,+118.5940504E-03
-350.0000E-06,-29.1457996E-03,+922.6141572E-03
-349.5000E-06,+51.2562096E-03,+922.6141571E-03
-349.0000E-06,-29.1457996E-03,+118.5940504E-03
-348.5000E-06,+51.2562096E-03,+118.5940505E-03
-348.0000E-06,+51.2562096E-03,+118.5940504E-03
-347.5000E-06,-29.1457996E-03,+118.5940505E-03
-347.0000E-06,+51.2562096E-03,+118.5940504E-03
-346.5000E-06,-29.1457996E-03,+922.6141571E-03
-346.0000E-06,-29.1457996E-03,+118.5940504E-03
-345.5000E-06,+51.2562096E-03,+118.5940504E-03
-345.0000E-06,+51.2562096E-03,+922.6141573E-03
-344.5000E-06,-29.1457996E-03,+118.5940505E-03
-344.0000E-06,-29.1457996E-03,+922.6141572E-03
-343.5000E-06,-29.1457996E-03,+118.5940506E-03
-343.0000E-06,-29.1457996E-03,+922.6141572E-03
-342.5000E-06,-29.1457996E-03,+118.5940504E-03
-342.0000E-06,-29.1457996E-03,+922.6141572E-03
-341.5000E-06,-29.1457996E-03,+922.6141571E-03
-341.0000E-06,-29.1457996E-03,+118.5940504E-03
-340.5000E-06,-29.1457996E-03,+118.5940504E-03
-340.0000E-06,-29.1457996E-03,+922.6141572E-03
-339.5000E-06,+51.2562096E-03,+118.5940504E-03
-339.0000E-06,-29.1457996E-03,+118.5940504E-03
-338.5000E-06,-29.1457996E-03,+922.6141571E-03
-338.0000E-06,+51.2562096E-03,+922.6141571E-03
-337.5000E-06,+51.2562096E-03,+118.5940504E-03
-337.0000E-06,-29.1457996E-03,+922.6141571E-03
-336.5000E-06,-29.1457996E-03,+922.6141572E-03
-336.0000E-06,-29.1457996E-03,+922.6141571E-03
-335.5000E-06,+51.2562096E-03,+118.5940505E-03
-335.0000E-06,-29.1457996E-03,+922.6141572E-03
-334.5000E-06,-29.1457996E-03,+118.5940505E-03
-334.0000E-06,+51.2562096E-03,+118.5940505E-03
-333.5000E-06,-109.5478088E-03,+922.6141573E-03
-333.0000E-06,-29.1457996E-03,+1.7266342638E+00
-332.5000E-06,+51.2562096E-03,+922.6141572E-03
-332.0000E-06,-29.1457996E-03,+922.6141572E-03
-331.5000E-06,-29.1457996E-03,+118.5940505E-03
-331.0000E-06,-29.1457996E-03,+118.5940504E-03
-330.5000E-06,-29.1457996E-03,+922.6141572E-03
-330.0000E-06,-29.1457996E-03,+922.6141572E-03
-329.5000E-06,-29.1457996E-03,+118.5940504E-03
-329.0000E-06,-29.1457996E-03,+922.6141571E-03
-328.5000E-06,+51.2562096E-03,+922.6141572E-03
-328.0000E-06,-29.1457996E-03,+118.5940504E-03
-327.5000E-06,-29.1457996E-03,+922.6141572E-03
-327.0000E-06,+51.2562096E-03,+922.6141571E-03
-326.5000E-06,-29.1457996E-03,+922.6141571E-03
-326.0000E-06,+51.2562096E-03,+118.5940505E-03
-325.5000E-06,-29.1457996E-03,+922.6141572E-03
-325.0000E-06,-29.1457996E-03,+922.6141572E-03
-324.5000E-06,-29.1457996E-03,+118.5940504E-03
-324.0000E-06,-109.5478087E-03,+922.6141572E-03
-323.5000E-06,+51.2562096E-03,+118.5940505E-03
-323.0000E-06,+51.2562096E-03,+118.5940505E-03
-322.5000E-06,-29.1457996E-03,+922.6141571E-03
-322.0000E-06,-29.1457996E-03,+118.5940505E-03
-321.5000E-06,-29.1457996E-03,+922.6141571E-03
-321.0000E-06,-29.1457996E-03,+118.5940504E-03
-320.5000E-06,+51.2562096E-03,+118.5940505E-03
-320.0000E-06,-29.1457996E-03,+118.5940503E-03
-319.5000E-06,-29.1457996E-03,+118.5940504E-03
-319.0000E-06,-29.1457996E-03,+922.6141572E-03
-318.5000E-06,+51.2562096E-03,+922.6141572E-03
-318.0000E-06,-29.1457996E-03,+118.5940504E-03
-317.5000E-06,-29.1457996E-03,+118.5940504E-03
-317.0000E-06,-29.1457996E-03,+118.5940505E-03
-316.5000E-06,-109.5478088E-03,+922.6141571E-03
-316.0000E-06,-109.5478087E-03,+922.6141572E-03
-315.5000E-06,+51.2562096E-03,+922.6141572E-03
-315.0000E-06,-29.1457996E-03,+118.5940505E-03
-314.5000E-06,-29.1457996E-03,+1.7266342639E+00
-314.0000E-06,+51.2562096E-03,+118.5940505E-03
-313.5000E-06,-29.1457996E-03,+922.6141571E-03
-313.0000E-06,+51.2562096E-03,+118.5940504E-03
-312.5000E-06,-29.1457996E-03,+922.6141572E-03
-312.0000E-06,-29.1457996E-03,+922.6141572E-03
-311.5000E-06,-29.1457996E-03,+922.6141572E-03
-311.0000E-06,+51.2562096E-03,+118.5940504E-03
-310.5000E-06,-109.5478088E-03,+922.6141571E-03
-310.0000E-06,-109.5478087E-03,+118.5940505E-03
-309.5000E-06,+51.2562096E-03,+118.5940504E-03
-309.0000E-06,+51.2562096E-03,+922.6141572E-03
-308.5000E-06,+51.2562096E-03,+922.6141572E-03
-308.0000E-06,+51.2562096E-03,+118.5940504E-03
-307.5000E-06,-29.1457996E-03,+118.5940505E-03
-307.0000E-06,+131.6582188E-03,+118.5940504E-03
-306.5000E-06,+51.2562096E-03,+922.6141572E-03
-306.0000E-06,-29.1457996E-03,+922.6141571E-03
-305.5000E-06,-29.1457996E-03,+922.6141572E-03
-305.0000E-06,-29.1457996E-03,+118.5940504E-03
-304.5000E-06,+51.2562096E-03,+118.5940504E-03
-304.0000E-06,+51.2562096E-03,+922.6141571E-03
-303.5000E-06,-29.1457996E-03,+118.5940504E-03
-303.0000E-06,+51.2562096E-03,+922.6141571E-03
-302.5000E-06,+51.2562096E-03,+118.5940507E-03
-302.0000E-06,-29.1457996E-03,+922.6141571E-03
-301.5000E-06,+51.2562096E-03,+922.6141572E-03
-301.0000E-06,-29.1457996E-03,+922.6141569E-03
-300.5000E-06,-29.1457996E-03,+922.6141571E-03
-300.0000E-06,-29.1457996E-03,+118.5940504E-03
-299.5000E-06,-29.1457996E-03,+118.5940506E-03
-299.0000E-06,-29.1457996E-03,+118.5940506E-03
-298.5000E-06,-29.1457996E-03,+118.5940504E-03
-298.0000E-06,-29.1457996E-03,+922.6141572E-03
-297.5000E-06,+51.2562096E-03,+118.5940506E-03
-297.0000E-06,-29.1457996E-03,+118.5940506E-03
-296.5000E-06,-29.1457996E-03,+118.5940506E-03
-296.0000E-06,-109.5478088E-03,+118.5940506E-03
-295.5000E-06,+51.2562096E-03,+922.6141571E-03
-295.0000E-06,-29.1457996E-03,+118.5940506E-03
-294.5000E-06,-29.1457996E-03,+922.6141572E-03
-294.0000E-06,-29.1457996E-03,+118.5940504E-03
-293.5000E-06,+51.2562096E-03,+118.5940504E-03
-293.0000E-06,-29.1457996E-03,+922.6141572E-03
-292.5000E-06,+51.2562096E-03,+118.5940506E-03
-292.0000E-06,-29.1457996E-03,+118.5940504E-03
-291.5000E-06,-29.1457996E-03,+922.6141572E-03
-291.0000E-06,-29.1457996E-03,+32.2793983223E+00
-290.5000E-06,-29.1457996E-03,+33.0834184289E+00
-290.0000E-06,-29.1457996E-03,+33.0834184289E+00
-289.5000E-06,-29.1457996E-03,+33.0834184289E+00
-289.0000E-06,-29.1457996E-03,+33.0834184289E+00
-288.5000E-06,-29.1457996E-03,+32.2793983224E+00
-288.0000E-06,-109.5478088E-03,+33.0834184289E+00
-287.5000E-06,-29.1457996E-03,+33.0834184289E+00
-287.0000E-06,-29.1457996E-03,+33.0834184289E+00
-286.5000E-06,-29.1457996E-03,+33.8874385355E+00
-286.0000E-06,-29.1457996E-03,+33.0834184289E+00
-285.5000E-06,+51.2562096E-03,+33.0834184289E+00
-285.0000E-06,+51.2562096E-03,+33.0834184289E+00
-284.5000E-06,-29.1457996E-03,+33.8874385355E+00
-284.0000E-06,-29.1457996E-03,+33.0834184291E+00
-283.5000E-06,-29.1457996E-03,+33.0834184289E+00
-283.0000E-06,-29.1457996E-03,+33.0834184289E+00
-282.5000E-06,+51.2562096E-03,+33.0834184291E+00
-282.0000E-06,-29.1457996E-03,+32.2793983224E+00
-281.5000E-06,+51.2562096E-03,+33.0834184289E+00
-281.0000E-06,-29.1457996E-03,+33.8874385355E+00
-280.5000E-06,-29.1457996E-03,+33.8874385355E+00
-280.0000E-06,-29.1457996E-03,+33.0834184291E+00
-279.5000E-06,+51.2562096E-03,+33.0834184289E+00
-279.0000E-06,-29.1457996E-03,+33.0834184289E+00
-278.5000E-06,+51.2562096E-03,+33.8874385355E+00
-278.0000E-06,-29.1457996E-03,+33.0834184291E+00
-277.5000E-06,-29.1457996E-03,+33.0834184289E+00
-277.0000E-06,-29.1457996E-03,+33.8874385357E+00
-276.5000E-06,-29.1457996E-03,+33.8874385355E+00
-276.0000E-06,-29.1457996E-03,+33.8874385355E+00
-275.5000E-06,-29.1457996E-03,+33.0834184289E+00
-275.0000E-06,-29.1457996E-03,+33.0834184289E+00
-274.5000E-06,-29.1457996E-03,+33.8874385357E+00
-274.0000E-06,-29.1457996E-03,+33.8874385355E+00
-273.5000E-06,-29.1457996E-03,+33.8874385355E+00
-273.0000E-06,-29.1457996E-03,+33.8874385357E+00
-272.5000E-06,-109.5478087E-03,+33.0834184289E+00
-272.0000E-06,+51.2562096E-03,+33.0834184289E+00
-271.5000E-06,-29.1457996E-03,+33.8874385355E+00
-271.0000E-06,-29.1457996E-03,+33.0834184289E+00
-270.5000E-06,-29.1457996E-03,+33.0834184289E+00
-270.0000E-06,-29.1457996E-03,+33.8874385355E+00
-269.5000E-06,-29.1457996E-03,+33.0834184291E+00
-269.0000E-06,-29.1457995E-03,+33.0834184289E+00
-268.5000E-06,+51.2562096E-03,+33.0834184289E+00
-268.0000E-06,-29.1457996E-03,+33.0834184291E+00
-267.5000E-06,+51.2562096E-03,+32.2793983223E+00
-267.0000E-06,-29.1457996E-03,+33.0834184289E+00
-266.5000E-06,-29.1457996E-03,+33.0834184289E+00
-266.0000E-06,-29.1457996E-03,+33.0834184289E+00
-265.5000E-06,+51.2562096E-03,+33.0834184291E+00
-265.0000E-06,+51.2562096E-03,+33.8874385357E+00
-264.5000E-06,+51.2562096E-03,+33.0834184291E+00
-264.0000E-06,-29.1457996E-03,+33.0834184289E+00
-263.5000E-06,-109.5478087E-03,+33.0834184291E+00
-263.0000E-06,-29.1457996E-03,+33.0834184289E+00
-262.5000E-06,-29.1457996E-03,+33.0834184289E+00
-262.0000E-06,+51.2562096E-03,+33.0834184289E+00
-261.5000E-06,-29.1457996E-03,+33.8874385355E+00
-261.0000E-06,-29.1457996E-03,+33.8874385355E+00
-260.5000E-06,-29.1457996E-03,+32.2793983223E+00
-260.0000E-06,-29.1457996E-03,+33.0834184291E+00
-259.5000E-06,-29.1457996E-03,+33.0834184289E+00
-259.0000E-06,-109.5478087E-03,+33.8874385355E+00
-258.5000E-06,-29.1457996E-03,+33.0834184291E+00
-258.0000E-06,-29.1457996E-03,+33.0834184291E+00
-257.5000E-06,-29.1457996E-03,+33.0834184289E+00
-257.0000E-06,-29.1457996E-03,+33.0834184289E+00
-256.5000E-06,-29.1457996E-03,+33.8874385355E+00
-256.0000E-06,-29.1457996E-03,+33.8874385355E+00
-255.5000E-06,-29.1457996E-03,+33.8874385355E+00
-255.0000E-06,-29.1457996E-03,+32.2793983223E+00
-254.5000E-06,+51.2562096E-03,+33.0834184289E+00
-254.0000E-06,-29.1457996E-03,+33.8874385355E+00
-253.5000E-06,-29.1457996E-03,+32.2793983223E+00
-253.0000E-06,-29.1457996E-03,+33.8874385357E+00
-252.5000E-06,+131.6582188E-03,+33.0834184289E+00
-252.0000E-06,+292.4622372E-03,+33.0834184291E+00
-251.5000E-06,+533.6682647E-03,+33.0834184289E+00
-251.0000E-06,+774.8742923E-03,+33.0834184291E+00
-250.5000E-06,+935.6783107E-03,+33.0834184289E+00
-250.0000E-06,+1.1768843383E+00,+33.0834184289E+00
-249.5000E-06,+1.4180903658E+00,+33.0834184287E+00
-249.0000E-06,+1.6592963934E+00,+33.0834184291E+00
-248.5000E-06,+1.8201004118E+00,+33.8874385357E+00
-248.0000E-06,+2.0613064393E+00,+33.0834184289E+00
-247.5000E-06,+2.3829144761E+00,+33.8874385355E+00
-247.0000E-06,+2.4633164853E+00,+33.0834184291E+00
-246.5000E-06,+2.7045225129E+00,+33.0834184291E+00
-246.0000E-06,+2.9457285404E+00,+33.8874385355E+00
-245.5000E-06,+3.1869345680E+00,+33.8874385355E+00
-245.0000E-06,+3.3477385864E+00,+33.0834184287E+00
-244.5000E-06,+3.4281405956E+00,+33.0834184291E+00
-244.0000E-06,+3.5085426047E+00,+33.0834184291E+00
-243.5000E-06,+3.5085426047E+00,+33.0834184291E+00
-243.0000E-06,+3.4281405956E+00,+33.8874385355E+00
-242.5000E-06,+3.5889446139E+00,+33.8874385355E+00
-242.0000E-06,+3.4281405956E+00,+33.0834184289E+00
-241.5000E-06,+3.4281405956E+00,+33.0834184289E+00
-241.0000E-06,+3.4281405956E+00,+33.0834184291E+00
-240.5000E-06,+3.5085426047E+00,+33.8874385355E+00
-240.0000E-06,+3.4281405956E+00,+33.0834184291E+00
-239.5000E-06,+3.4281405956E+00,+33.0834184289E+00
-239.0000E-06,+3.5085426047E+00,+33.0834184291E+00
-238.5000E-06,+3.4281405956E+00,+33.8874385357E+00
-238.0000E-06,+3.5085426047E+00,+33.8874385353E+00
-237.5000E-06,+3.4281405956E+00,+33.0834184287E+00
-237.0000E-06,+3.5085426047E+00,+33.0834184289E+00
-236.5000E-06,+3.4281405956E+00,+33.0834184289E+00
-236.0000E-06,+3.5085426047E+00,+33.0834184289E+00
-235.5000E-06,+3.5085426047E+00,+33.0834184289E+00
-235.0000E-06,+3.5085426047E+00,+33.0834184289E+00
-234.5000E-06,+3.4281405956E+00,+33.8874385355E+00
-234.0000E-06,+3.5085426047E+00,+33.0834184289E+00
-233.5000E-06,+3.4281405956E+00,+33.0834184289E+00
-233.0000E-06,+3.5085426047E+00,+33.0834184289E+00
-232.5000E-06,+3.4281405956E+00,+33.0834184289E+00
-232.0000E-06,+3.5085426047E+00,+33.0834184289E+00
-231.5000E-06,+3.5085426047E+00,+33.0834184289E+00
-231.0000E-06,+3.5085426047E+00,+33.0834184289E+00
-230.5000E-06,+3.4281405956E+00,+33.0834184291E+00
-230.0000E-06,+3.5085426047E+00,+33.0834184289E+00
-229.5000E-06,+3.4281405956E+00,+33.0834184289E+00
-229.0000E-06,+3.5085426047E+00,+33.0834184289E+00
-228.5000E-06,+3.5085426047E+00,+33.0834184289E+00
-228.0000E-06,+3.5085426047E+00,+33.0834184291E+00
-227.5000E-06,+3.5085426047E+00,+33.0834184289E+00
-227.0000E-06,+3.5085426047E+00,+33.0834184289E+00
-226.5000E-06,+3.5085426047E+00,+33.0834184289E+00
-226.0000E-06,+3.4281405956E+00,+33.0834184289E+00
-225.5000E-06,+3.4281405956E+00,+33.0834184289E+00
-225.0000E-06,+3.5085426047E+00,+33.8874385355E+00
-224.5000E-06,+3.5085426047E+00,+33.0834184289E+00
-224.0000E-06,+3.4281405956E+00,+33.8874385355E+00
-223.5000E-06,+3.5085426047E+00,+32.2793983223E+00
-223.0000E-06,+3.5085426047E+00,+33.0834184289E+00
-222.5000E-06,+3.4281405956E+00,+33.8874385355E+00
-222.0000E-06,+3.4281405956E+00,+33.8874385355E+00
-221.5000E-06,+3.4281405956E+00,+33.0834184289E+00
-221.0000E-06,+3.5085426047E+00,+33.0834184291E+00
-220.5000E-06,+3.4281405956E+00,+33.0834184287E+00
-220.0000E-06,+3.5085426047E+00,+33.0834184291E+00
-219.5000E-06,+3.5085426047E+00,+33.8874385355E+00
-219.0000E-06,+3.5085426047E+00,+33.0834184289E+00
-218.5000E-06,+3.5085426047E+00,+32.2793983223E+00
-218.0000E-06,+3.5085426047E+00,+33.8874385355E+00
-217.5000E-06,+3.5085426047E+00,+33.0834184289E+00
-217.0000E-06,+3.5085426047E+00,+33.0834184289E+00
-216.5000E-06,+3.5085426047E+00,+33.0834184289E+00
-216.0000E-06,+3.4281405956E+00,+33.0834184291E+00
-215.5000E-06,+3.5085426047E+00,+33.0834184291E+00
-215.0000E-06,+3.5085426047E+00,+33.8874385355E+00
-214.5000E-06,+3.5085426047E+00,+33.8874385352E+00
-214.0000E-06,+3.4281405956E+00,+33.0834184291E+00
-213.5000E-06,+3.5085426047E+00,+33.0834184289E+00
-213.0000E-06,+3.4281405956E+00,+33.0834184289E+00
-212.5000E-06,+3.5085426047E+00,+33.0834184291E+00
-212.0000E-06,+3.5085426047E+00,+33.0834184289E+00
-211.5000E-06,+3.5085426047E+00,+33.0834184289E+00
-211.0000E-06,+3.4281405956E+00,+33.0834184291E+00
-210.5000E-06,+3.5085426047E+00,+33.0834184291E+00
-210.0000E-06,+3.5889446139E+00,+33.0834184291E+00
-209.5000E-06,+3.5085426047E+00,+33.0834184291E+00
-209.0000E-06,+3.5889446139E+00,+33.0834184289E+00
-208.5000E-06,+3.4281405956E+00,+33.0834184287E+00
-208.0000E-06,+3.5085426047E+00,+32.2793983223E+00
-207.5000E-06,+3.4281405956E+00,+33.0834184289E+00
-207.0000E-06,+3.5085426047E+00,+32.2793983226E+00
-206.5000E-06,+3.5085426047E+00,+33.0834184289E+00
-206.0000E-06,+3.4281405956E+00,+33.0834184291E+00
-205.5000E-06,+3.5085426047E+00,+33.8874385357E+00
-205.0000E-06,+3.4281405956E+00,+33.8874385355E+00
-204.5000E-06,+3.5085426047E+00,+33.0834184291E+00
-204.0000E-06,+3.5085426047E+00,+33.0834184289E+00
-203.5000E-06,+3.5085426047E+00,+33.0834184289E+00
-203.0000E-06,+3.4281405956E+00,+33.8874385355E+00
-202.5000E-06,+3.5085426047E+00,+33.8874385355E+00
-202.0000E-06,+3.5085426047E+00,+33.0834184289E+00
-201.5000E-06,+3.5085426047E+00,+33.0834184291E+00
-201.0000E-06,+3.4281405956E+00,+33.8874385357E+00
-200.5000E-06,+3.5889446139E+00,+33.0834184287E+00
-200.0000E-06,+3.5085426047E+00,+33.0834184289E+00
-199.5000E-06,+3.5085426047E+00,+33.0834184289E+00
-199.0000E-06,+3.4281405956E+00,+33.0834184289E+00
-198.5000E-06,+3.5085426047E+00,+33.0834184289E+00
-198.0000E-06,+3.5085426047E+00,+33.0834184291E+00
-197.5000E-06,+3.4281405956E+00,+33.0834184291E+00
-197.0000E-06,+3.5085426047E+00,+33.0834184287E+00
-196.5000E-06,+3.4281405956E+00,+33.0834184289E+00
-196.0000E-06,+3.5085426047E+00,+33.0834184289E+00
-195.5000E-06,+3.5889446139E+00,+33.0834184291E+00
-195.0000E-06,+3.5085426047E+00,+33.0834184291E+00
-194.5000E-06,+3.4281405956E+00,+33.0834184289E+00
-194.0000E-06,+3.5085426047E+00,+33.0834184289E+00
-193.5000E-06,+3.5085426047E+00,+33.8874385354E+00
-193.0000E-06,+3.5085426047E+00,+33.0834184289E+00
-192.5000E-06,+3.4281405956E+00,+33.0834184291E+00
-192.0000E-06,+3.4281405956E+00,+33.0834184286E+00
-191.5000E-06,+3.5085426047E+00,+33.0834184289E+00
-191.0000E-06,+3.5085426047E+00,+33.8874385354E+00
-190.5000E-06,+3.5085426047E+00,+33.0834184286E+00
-190.0000E-06,+3.5085426047E+00,+33.0834184289E+00
-189.5000E-06,+3.5085426047E+00,+33.0834184292E+00
-189.0000E-06,+3.5085426047E+00,+33.0834184286E+00
-188.5000E-06,+3.5085426048E+00,+33.8874385354E+00
-188.0000E-06,+3.5889446139E+00,+33.0834184289E+00
-187.5000E-06,+3.4281405956E+00,+33.0834184292E+00
-187.0000E-06,+3.5889446139E+00,+33.0834184292E+00
-186.5000E-06,+3.5085426047E+00,+33.0834184289E+00
-186.0000E-06,+3.4281405956E+00,+33.0834184289E+00
-185.5000E-06,+3.5085426048E+00,+33.8874385352E+00
-185.0000E-06,+3.4281405956E+00,+33.0834184292E+00
-184.5000E-06,+3.4281405956E+00,+33.0834184292E+00
-184.0000E-06,+3.5889446139E+00,+33.0834184292E+00
-183.5000E-06,+3.5085426047E+00,+33.0834184292E+00
-183.0000E-06,+3.5085426047E+00,+33.8874385357E+00
-182.5000E-06,+3.5085426047E+00,+33.8874385354E+00
-182.0000E-06,+3.5085426047E+00,+32.2793983221E+00
-181.5000E-06,+3.4281405956E+00,+33.0834184289E+00
-181.0000E-06,+3.5085426047E+00,+33.0834184292E+00
-180.5000E-06,+3.5085426047E+00,+33.0834184289E+00
-180.0000E-06,+3.5085426047E+00,+33.8874385352E+00
-179.5000E-06,+3.5085426047E+00,+33.0834184289E+00
-179.0000E-06,+3.5889446139E+00,+33.8874385354E+00
-178.5000E-06,+3.5085426047E+00,+33.8874385354E+00
-178.0000E-06,+3.4281405956E+00,+33.8874385354E+00
-177.5000E-06,+3.5085426047E+00,+33.0834184289E+00
-177.0000E-06,+3.5889446139E+00,+33.0834184292E+00
-176.5000E-06,+3.5085426047E+00,+33.8874385354E+00
-176.0000E-06,+3.4281405956E+00,+33.0834184292E+00
-175.5000E-06,+3.4281405956E+00,+33.0834184292E+00
-175.0000E-06,+3.4281405956E+00,+33.0834184289E+00
-174.5000E-06,+3.4281405956E+00,+33.0834184289E+00
-174.0000E-06,+3.5085426047E+00,+33.0834184289E+00
-173.5000E-06,+3.5085426047E+00,+33.8874385354E+00
-173.0000E-06,+3.4281405956E+00,+33.0834184289E+00
-172.5000E-06,+3.5889446139E+00,+33.0834184289E+00
-172.0000E-06,+3.5085426047E+00,+33.0834184292E+00
-171.5000E-06,+3.4281405956E+00,+33.0834184289E+00
-171.0000E-06,+3.5085426047E+00,+33.0834184289E+00
-170.5000E-06,+3.5085426047E+00,+33.8874385354E+00
-170.0000E-06,+3.5085426047E+00,+33.0834184289E+00
-169.5000E-06,+3.5085426047E+00,+33.0834184292E+00
-169.0000E-06,+3.4281405956E+00,+33.0834184289E+00
-168.5000E-06,+3.5085426047E+00,+33.0834184289E+00
-168.0000E-06,+3.4281405956E+00,+33.0834184292E+00
-167.5000E-06,+3.5085426047E+00,+33.0834184292E+00
-167.0000E-06,+3.5085426047E+00,+33.8874385354E+00
-166.5000E-06,+3.5085426047E+00,+922.6141569E-03
-166.0000E-06,+3.5085426047E+00,+118.5940507E-03
-165.5000E-06,+3.5085426047E+00,+118.5940507E-03
-165.0000E-06,+3.4281405956E+00,+118.5940507E-03
-164.5000E-06,+3.5085426047E+00,+922.6141572E-03
-164.0000E-06,+3.5085426047E+00,+922.6141572E-03
-163.5000E-06,+3.4281405956E+00,+922.6141572E-03
-163.0000E-06,+3.4281405956E+00,+922.6141572E-03
-162.5000E-06,+3.5085426048E+00,+922.6141572E-03
-162.0000E-06,+3.5085426047E+00,+118.5940504E-03
-161.5000E-06,+3.5085426047E+00,+118.5940507E-03
-161.0000E-06,+3.5085426047E+00,+922.6141572E-03
-160.5000E-06,+3.4281405956E+00,+118.5940504E-03
-160.0000E-06,+3.5085426047E+00,+118.5940507E-03
-159.5000E-06,+3.4281405956E+00,+922.6141572E-03
-159.0000E-06,+3.5085426047E+00,+922.6141572E-03
-158.5000E-06,+3.5085426047E+00,+118.5940507E-03
-158.0000E-06,+3.5085426047E+00,+922.6141572E-03
-157.5000E-06,+3.5085426047E+00,+118.5940507E-03
-157.0000E-06,+3.4281405956E+00,+922.6141572E-03
-156.5000E-06,+3.5085426047E+00,+922.6141569E-03
-156.0000E-06,+3.5085426047E+00,+922.6141572E-03
-155.5000E-06,+3.5085426047E+00,+922.6141572E-03
-155.0000E-06,+3.5085426047E+00,+922.6141566E-03
-154.5000E-06,+3.5085426047E+00,+118.5940504E-03
-154.0000E-06,+3.4281405956E+00,+1.7266342634E+00
-153.5000E-06,+3.4281405956E+00,+118.5940504E-03
-153.0000E-06,+3.5085426047E+00,+118.5940504E-03
-152.5000E-06,+3.5085426047E+00,+118.5940507E-03
-152.0000E-06,+3.4281405956E+00,+118.5940504E-03
-151.5000E-06,+3.5085426047E+00,+118.5940504E-03
-151.0000E-06,+3.5085426047E+00,+118.5940504E-03
-150.5000E-06,+3.5085426047E+00,+922.6141572E-03
-150.0000E-06,+3.5085426047E+00,+922.6141569E-03
-149.5000E-06,+3.5085426047E+00,+118.5940504E-03
-149.0000E-06,+3.5085426047E+00,+922.6141572E-03
-148.5000E-06,+3.5085426047E+00,+118.5940507E-03
-148.0000E-06,+3.5085426047E+00,+118.5940507E-03
-147.5000E-06,+3.5085426047E+00,+922.6141569E-03
-147.0000E-06,+3.5085426047E+00,+118.5940507E-03
-146.5000E-06,+3.5085426047E+00,+118.5940507E-03
-146.0000E-06,+3.4281405956E+00,+922.6141572E-03
-145.5000E-06,+3.5085426047E+00,+922.6141572E-03
-145.0000E-06,+3.5085426047E+00,+118.5940504E-03
-144.5000E-06,+3.4281405956E+00,+118.5940507E-03
-144.0000E-06,+3.4281405956E+00,+118.5940507E-03
-143.5000E-06,+3.5085426047E+00,+118.5940504E-03
-143.0000E-06,+3.5085426048E+00,+922.6141569E-03
-142.5000E-06,+3.4281405956E+00,+922.6141572E-03
-142.0000E-06,+3.5085426048E+00,+922.6141572E-03
-141.5000E-06,+3.4281405956E+00,+118.5940504E-03
-141.0000E-06,+3.5085426047E+00,+118.5940504E-03
-140.5000E-06,+3.5085426047E+00,+118.5940507E-03
-140.0000E-06,+3.5085426048E+00,-685.4260561E-03
-139.5000E-06,+3.5085426047E+00,+118.5940504E-03
-139.0000E-06,+3.5085426047E+00,+118.5940510E-03
-138.5000E-06,+3.5085426047E+00,+118.5940507E-03
-138.0000E-06,+3.5085426048E+00,+118.5940504E-03
-137.5000E-06,+3.5085426047E+00,+118.5940507E-03
-137.0000E-06,+3.5085426047E+00,+118.5940507E-03
-136.5000E-06,+3.5085426047E+00,+118.5940504E-03
-136.0000E-06,+3.5085426047E+00,-685.4260558E-03
-135.5000E-06,+3.5085426047E+00,+118.5940507E-03
-135.0000E-06,+3.5085426047E+00,+922.6141569E-03
-134.5000E-06,+3.4281405956E+00,+118.5940504E-03
-134.0000E-06,+3.3477385864E+00,+118.5940507E-03
-133.5000E-06,+3.1869345680E+00,+118.5940504E-03
-133.0000E-06,+3.1065325588E+00,+118.5940504E-03
-132.5000E-06,+2.9457285405E+00,+922.6141572E-03
-132.0000E-06,+2.8653265312E+00,+922.6141569E-03
-131.5000E-06,+2.7045225129E+00,+922.6141572E-03
-131.0000E-06,+2.5437184945E+00,+922.6141572E-03
-130.5000E-06,+2.4633164853E+00,+118.5940507E-03
-130.0000E-06,+2.3025124669E+00,+922.6141569E-03
-129.5000E-06,+2.0613064394E+00,+922.6141569E-03
-129.0000E-06,+1.9809044302E+00,+922.6141572E-03
-128.5000E-06,+1.8201004118E+00,+922.6141572E-03
-128.0000E-06,+1.6592963934E+00,+118.5940504E-03
-127.5000E-06,+1.4984923750E+00,+922.6141572E-03
-127.0000E-06,+1.3376883566E+00,+118.5940507E-03
-126.5000E-06,+1.0964823291E+00,+118.5940504E-03
-126.0000E-06,+935.6783107E-03,+1.7266342637E+00
-125.5000E-06,+694.4722832E-03,+922.6141569E-03
-125.0000E-06,+614.0702739E-03,+118.5940504E-03
-124.5000E-06,+372.8642464E-03,+922.6141569E-03
-124.0000E-06,+131.6582188E-03,+922.6141569E-03
-123.5000E-06,+51.2562096E-03,+118.5940507E-03
-123.0000E-06,-29.1457996E-03,+118.5940507E-03
-122.5000E-06,-29.1457996E-03,+118.5940507E-03
-122.0000E-06,+51.2562096E-03,+118.5940507E-03
-121.5000E-06,+51.2562096E-03,+922.6141569E-03
-121.0000E-06,-29.1457996E-03,+118.5940507E-03
-120.5000E-06,-29.1457995E-03,+922.6141569E-03
-120.0000E-06,+51.2562096E-03,+118.5940504E-03
-119.5000E-06,+51.2562096E-03,+118.5940507E-03
-119.0000E-06,+51.2562096E-03,+922.6141569E-03
-118.5000E-06,-29.1457995E-03,+922.6141569E-03
-118.0000E-06,-109.5478087E-03,+118.5940504E-03
-117.5000E-06,-29.1457996E-03,+118.5940504E-03
-117.0000E-06,-29.1457995E-03,+1.7266342637E+00
-116.5000E-06,+51.2562096E-03,+118.5940504E-03
-116.0000E-06,+51.2562096E-03,+922.6141569E-03
-115.5000E-06,-29.1457996E-03,+922.6141569E-03
-115.0000E-06,+131.6582187E-03,+922.6141572E-03
-114.5000E-06,-29.1457996E-03,+922.6141569E-03
-114.0000E-06,+51.2562096E-03,+118.5940504E-03
-113.5000E-06,-29.1457995E-03,+922.6141569E-03
-113.0000E-06,-29.1457995E-03,+118.5940507E-03
-112.5000E-06,+51.2562096E-03,+118.5940504E-03
-112.0000E-06,-29.1457996E-03,+922.6141569E-03
-111.5000E-06,+51.2562096E-03,+118.5940504E-03
-111.0000E-06,+51.2562096E-03,+118.5940504E-03
-110.5000E-06,-29.1457996E-03,+118.5940507E-03
-110.0000E-06,+51.2562096E-03,+118.5940504E-03
-109.5000E-06,+51.2562096E-03,+118.5940507E-03
-109.0000E-06,+51.2562096E-03,+922.6141569E-03
-108.5000E-06,-29.1457995E-03,+922.6141569E-03
-108.0000E-06,-29.1457996E-03,+118.5940507E-03
-107.5000E-06,+51.2562096E-03,+922.6141569E-03
-107.0000E-06,+51.2562096E-03,+118.5940504E-03
-106.5000E-06,+51.2562096E-03,+922.6141572E-03
-106.0000E-06,-29.1457995E-03,+118.5940507E-03
-105.5000E-06,-29.1457995E-03,+118.5940507E-03
-105.0000E-06,-29.1457995E-03,+922.6141569E-03
-104.5000E-06,-29.1457995E-03,+118.5940507E-03
-104.0000E-06,-29.1457995E-03,+922.6141569E-03
-103.5000E-06,+51.2562096E-03,+118.5940504E-03
-103.0000E-06,-29.1457996E-03,+118.5940507E-03
-102.5000E-06,-29.1457995E-03,+118.5940504E-03
-102.0000E-06,-29.1457995E-03,+922.6141572E-03
-101.5000E-06,-29.1457996E-03,+922.6141569E-03
-101.0000E-06,-29.1457995E-03,+118.5940507E-03
-100.5000E-06,-29.1457995E-03,+1.7266342634E+00
-100.0000E-06,-29.1457996E-03,+922.6141572E-03
-99.5000E-06,-29.1457996E-03,+922.6141569E-03
-99.0000E-06,+51.2562096E-03,+118.5940507E-03
-98.5000E-06,+51.2562096E-03,+118.5940507E-03
-98.0000E-06,+51.2562096E-03,+118.5940504E-03
-97.5000E-06,+51.2562096E-03,+922.6141569E-03
-97.0000E-06,-29.1457996E-03,+922.6141572E-03
-96.5000E-06,-29.1457995E-03,+118.5940507E-03
-96.0000E-06,-29.1457996E-03,+118.5940501E-03
-95.5000E-06,+51.2562096E-03,+922.6141569E-03
-95.0000E-06,-29.1457996E-03,+118.5940507E-03
-94.5000E-06,-29.1457995E-03,+922.6141572E-03
-94.0000E-06,+51.2562096E-03,+922.6141572E-03
-93.5000E-06,-29.1457996E-03,+922.6141569E-03
-93.0000E-06,+51.2562096E-03,+922.6141569E-03
-92.5000E-06,-29.1457996E-03,-685.4260561E-03
-92.0000E-06,+51.2562095E-03,+118.5940507E-03
-91.5000E-06,+51.2562096E-03,+922.6141572E-03
-91.0000E-06,-29.1457996E-03,+118.5940507E-03
-90.5000E-06,-29.1457996E-03,+118.5940504E-03
-90.0000E-06,-29.1457996E-03,+922.6141572E-03
-89.5000E-06,-29.1457996E-03,+922.6141572E-03
-89.0000E-06,-29.1457996E-03,+118.5940510E-03
-88.5000E-06,-29.1457996E-03,+922.6141572E-03
-88.0000E-06,-29.1457995E-03,+118.5940507E-03
-87.5000E-06,-29.1457995E-03,+118.5940507E-03
-87.0000E-06,+51.2562096E-03,+922.6141572E-03
-86.5000E-06,+51.2562096E-03,+922.6141569E-03
-86.0000E-06,+51.2562096E-03,+118.5940504E-03
-85.5000E-06,-29.1457995E-03,+922.6141569E-03
-85.0000E-06,-29.1457996E-03,+118.5940507E-03
-84.5000E-06,-29.1457995E-03,+118.5940504E-03
-84.0000E-06,-29.1457996E-03,+922.6141569E-03
-83.5000E-06,-29.1457995E-03,+922.6141572E-03
-83.0000E-06,-29.1457996E-03,+118.5940507E-03
-82.5000E-06,+51.2562096E-03,+118.5940504E-03
-82.0000E-06,-29.1457996E-03,+118.5940507E-03
-81.5000E-06,+51.2562096E-03,+118.5940507E-03
-81.0000E-06,+51.2562096E-03,+118.5940507E-03
-80.5000E-06,+51.2562096E-03,+922.6141569E-03
-80.0000E-06,-29.1457996E-03,+922.6141569E-03
-79.5000E-06,-29.1457996E-03,+922.6141569E-03
-79.0000E-06,-29.1457995E-03,+922.6141569E-03
-78.5000E-06,-29.1457996E-03,+1.7266342637E+00
-78.0000E-06,-29.1457996E-03,+118.5940507E-03
-77.5000E-06,-29.1457995E-03,+922.6141572E-03
-77.0000E-06,-29.1457996E-03,+922.6141572E-03
-76.5000E-06,-29.1457996E-03,+118.5940504E-03
-76.0000E-06,-29.1457995E-03,+118.5940504E-03
-75.5000E-06,-29.1457995E-03,+118.5940504E-03
-75.0000E-06,-29.1457996E-03,+118.5940507E-03
-74.5000E-06,+51.2562096E-03,+118.5940504E-03
-74.0000E-06,+51.2562096E-03,-685.4260558E-03
-73.5000E-06,-29.1457996E-03,+118.5940504E-03
-73.0000E-06,-29.1457996E-03,+118.5940507E-03
-72.5000E-06,+51.2562096E-03,+118.5940504E-03
-72.0000E-06,-29.1457996E-03,+922.6141572E-03
-71.5000E-06,+51.2562096E-03,+118.5940507E-03
-71.0000E-06,+51.2562096E-03,+118.5940507E-03
-70.5000E-06,-29.1457996E-03,+922.6141569E-03
-70.0000E-06,-29.1457996E-03,+922.6141572E-03
-69.5000E-06,+51.2562096E-03,+118.5940504E-03
-69.0000E-06,-109.5478087E-03,+118.5940504E-03
-68.5000E-06,+51.2562096E-03,+922.6141572E-03
-68.0000E-06,+51.2562096E-03,+118.5940507E-03
-67.5000E-06,-29.1457995E-03,-685.4260561E-03
-67.0000E-06,-29.1457996E-03,+922.6141572E-03
-66.5000E-06,-29.1457996E-03,+118.5940504E-03
-66.0000E-06,-29.1457995E-03,+922.6141569E-03
-65.5000E-06,-29.1457996E-03,+922.6141572E-03
-65.0000E-06,-29.1457995E-03,+118.5940507E-03
-64.5000E-06,-29.1457996E-03,+922.6141569E-03
-64.0000E-06,-29.1457996E-03,+118.5940507E-03
-63.5000E-06,-29.1457996E-03,+922.6141572E-03
-63.0000E-06,-29.1457995E-03,+922.6141572E-03
-62.5000E-06,-29.1457996E-03,+922.6141569E-03
-62.0000E-06,-29.1457996E-03,+922.6141572E-03
-61.5000E-06,-29.1457996E-03,+922.6141572E-03
-61.0000E-06,+51.2562096E-03,+118.5940507E-03
-60.5000E-06,-109.5478087E-03,+118.5940507E-03
-60.0000E-06,-29.1457996E-03,+922.6141572E-03
-59.5000E-06,+51.2562096E-03,+118.5940504E-03
-59.0000E-06,-29.1457996E-03,+1.7266342634E+00
-58.5000E-06,-109.5478088E-03,+1.7266342634E+00
-58.0000E-06,-29.1457996E-03,+118.5940504E-03
-57.5000E-06,-29.1457996E-03,+118.5940507E-03
-57.0000E-06,+51.2562096E-03,+922.6141572E-03
-56.5000E-06,-29.1457996E-03,+922.6141572E-03
-56.0000E-06,-29.1457995E-03,+118.5940507E-03
-55.5000E-06,-29.1457996E-03,+922.6141572E-03
-55.0000E-06,+51.2562096E-03,+922.6141572E-03
-54.5000E-06,+51.2562096E-03,+118.5940504E-03
-54.0000E-06,-29.1457996E-03,+922.6141569E-03
-53.5000E-06,-29.1457996E-03,+922.6141569E-03
-53.0000E-06,+51.2562096E-03,+118.5940507E-03
-52.5000E-06,-29.1457996E-03,+922.6141572E-03
-52.0000E-06,-29.1457996E-03,+922.6141572E-03
-51.5000E-06,-29.1457996E-03,+118.5940507E-03
-51.0000E-06,-29.1457996E-03,+922.6141572E-03
-50.5000E-06,-29.1457996E-03,+922.6141572E-03
-50.0000E-06,-29.1457996E-03,+922.6141569E-03
-49.5000E-06,-29.1457996E-03,+922.6141569E-03
-49.0000E-06,-109.5478087E-03,+922.6141572E-03
-48.5000E-06,-29.1457996E-03,+922.6141569E-03
-48.0000E-06,-29.1457995E-03,+922.6141572E-03
-47.5000E-06,-29.1457996E-03,+922.6141569E-03
-47.0000E-06,-29.1457996E-03,+922.6141569E-03
-46.5000E-06,-109.5478087E-03,+118.5940504E-03
-46.0000E-06,-29.1457995E-03,+118.5940504E-03
-45.5000E-06,-29.1457995E-03,+922.6141572E-03
-45.0000E-06,-29.1457996E-03,+922.6141572E-03
-44.5000E-06,-29.1457995E-03,+922.6141572E-03
-44.0000E-06,-29.1457996E-03,+118.5940507E-03
-43.5000E-06,+51.2562096E-03,+118.5940504E-03
-43.0000E-06,+51.2562096E-03,+922.6141569E-03
-42.5000E-06,-29.1457996E-03,+33.0834184286E+00
-42.0000E-06,+51.2562096E-03,+33.0834184292E+00
-41.5000E-06,-29.1457996E-03,+33.0834184289E+00
-41.0000E-06,-29.1457995E-03,+33.8874385354E+00
-40.5000E-06,-29.1457996E-03,+33.0834184289E+00
-40.0000E-06,-29.1457996E-03,+33.8874385354E+00
-39.5000E-06,-29.1457996E-03,+33.0834184289E+00
-39.0000E-06,-29.1457996E-03,+33.0834184289E+00
-38.5000E-06,-29.1457996E-03,+33.8874385354E+00
-38.0000E-06,-29.1457996E-03,+33.0834184292E+00
-37.5000E-06,-29.1457996E-03,+33.0834184292E+00
-37.0000E-06,-29.1457995E-03,+33.0834184289E+00
-36.5000E-06,-29.1457996E-03,+33.0834184289E+00
-36.0000E-06,+51.2562096E-03,+33.8874385354E+00
-35.5000E-06,-29.1457996E-03,+33.0834184289E+00
-35.0000E-06,-29.1457996E-03,+33.8874385354E+00
-34.5000E-06,-29.1457996E-03,+33.8874385357E+00
-34.0000E-06,-29.1457996E-03,+33.0834184289E+00
-33.5000E-06,-29.1457996E-03,+33.0834184292E+00
-33.0000E-06,-29.1457996E-03,+33.0834184289E+00
-32.5000E-06,+51.2562096E-03,+33.0834184289E+00
-32.0000E-06,-29.1457996E-03,+33.0834184289E+00
-31.5000E-06,+51.2562096E-03,+33.0834184289E+00
-31.0000E-06,-29.1457996E-03,+33.8874385357E+00
-30.5000E-06,-29.1457996E-03,+33.0834184289E+00
-30.0000E-06,-29.1457996E-03,+33.0834184292E+00
-29.5000E-06,-29.1457996E-03,+33.0834184292E+00
-29.0000E-06,-29.1457996E-03,+32.2793983224E+00
-28.5000E-06,-29.1457996E-03,+33.8874385357E+00
-28.0000E-06,+51.2562096E-03,+33.0834184292E+00
-27.5000E-06,-109.5478088E-03,+33.0834184292E+00
-27.0000E-06,-29.1457995E-03,+33.0834184289E+00
-26.5000E-06,-29.1457996E-03,+33.0834184289E+00
-26.0000E-06,-29.1457996E-03,+33.0834184289E+00
-25.5000E-06,+51.2562096E-03,+33.8874385354E+00
-25.0000E-06,-29.1457995E-03,+33.0834184289E+00
-24.5000E-06,-29.1457996E-03,+33.0834184292E+00
-24.0000E-06,-29.1457995E-03,+33.8874385357E+00
-23.5000E-06,-29.1457996E-03,+33.0834184289E+00
-23.0000E-06,-29.1457996E-03,+33.0834184289E+00
-22.5000E-06,-29.1457995E-03,+33.0834184286E+00
-22.0000E-06,+51.2562096E-03,+33.0834184289E+00
-21.5000E-06,-29.1457996E-03,+33.8874385357E+00
-21.0000E-06,-29.1457996E-03,+33.8874385354E+00
-20.5000E-06,-29.1457996E-03,+32.2793983224E+00
-20.0000E-06,-29.1457996E-03,+33.8874385354E+00
-19.5000E-06,-109.5478087E-03,+33.0834184289E+00
-19.0000E-06,-29.1457995E-03,+33.8874385354E+00
-18.5000E-06,-29.1457996E-03,+33.8874385357E+00
-18.0000E-06,-29.1457996E-03,+33.0834184289E+00
-17.5000E-06,-29.1457996E-03,+33.0834184292E+00
-17.0000E-06,-29.1457996E-03,+33.0834184289E+00
-16.5000E-06,-109.5478087E-03,+33.0834184289E+00
-16.0000E-06,-29.1457996E-03,+33.0834184289E+00
-15.5000E-06,+51.2562096E-03,+33.0834184289E+00
-15.0000E-06,-109.5478087E-03,+33.0834184292E+00
-14.5000E-06,-29.1457996E-03,+32.2793983224E+00
-14.0000E-06,-29.1457996E-03,+33.0834184289E+00
-13.5000E-06,-29.1457996E-03,+33.0834184289E+00
-13.0000E-06,-109.5478087E-03,+33.8874385354E+00
-12.5000E-06,-29.1457996E-03,+33.0834184289E+00
-12.0000E-06,-29.1457996E-03,+33.0834184289E+00
-11.5000E-06,-29.1457996E-03,+33.0834184289E+00
-11.0000E-06,-29.1457996E-03,+33.0834184289E+00
-10.5000E-06,+51.2562096E-03,+32.2793983227E+00
-10.0000E-06,-29.1457996E-03,+33.0834184292E+00
-9.5000E-06,+51.2562096E-03,+33.8874385357E+00
-9.0000E-06,+51.2562096E-03,+33.0834184289E+00
-8.5000E-06,-29.1457996E-03,+33.0834184289E+00
-8.0000E-06,-29.1457996E-03,+33.0834184289E+00
-7.5000E-06,+51.2562096E-03,+33.8874385354E+00
-7.0000E-06,-29.1457996E-03,+33.8874385357E+00
-6.5000E-06,-109.5478087E-03,+33.8874385357E+00
-6.0000E-06,-29.1457995E-03,+33.0834184289E+00
-5.5000E-06,-29.1457995E-03,+33.0834184289E+00
-5.0000E-06,-29.1457996E-03,+33.0834184289E+00
-4.5000E-06,+51.2562096E-03,+33.0834184289E+00
-4.0000E-06,+131.6582188E-03,+33.0834184289E+00
-3.5000E-06,+292.4622372E-03,+33.8874385354E+00
-3.0000E-06,+614.0702739E-03,+33.0834184289E+00
-2.5000E-06,+774.8742923E-03,+33.0834184289E+00
-2.0000E-06,+1.0160803199E+00,+33.0834184289E+00
-1.5000E-06,+1.1768843383E+00,+33.0834184289E+00
-1.0000E-06,+1.4984923750E+00,+33.0834184292E+00
-500.0E-09,+1.6592963934E+00,+33.8874385354E+00
+0.0E+00,+1.9005024209E+00,+33.8874385354E+00
+500.0E-09,+2.1417084485E+00,+33.0834184292E+00
+1.0000E-06,+2.3025124669E+00,+33.0834184289E+00
+1.5000E-06,+2.4633164853E+00,+33.0834184292E+00
+2.0000E-06,+2.7849245220E+00,+33.0834184292E+00
+2.5000E-06,+2.9457285405E+00,+33.8874385354E+00
+3.0000E-06,+3.1869345680E+00,+33.8874385354E+00
+3.5000E-06,+3.4281405956E+00,+33.0834184289E+00
+4.0000E-06,+3.5085426047E+00,+33.0834184289E+00
+4.5000E-06,+3.4281405956E+00,+33.0834184289E+00
+5.0000E-06,+3.4281405956E+00,+33.0834184289E+00
+5.5000E-06,+3.4281405956E+00,+33.8874385354E+00
+6.0000E-06,+3.5085426047E+00,+33.0834184289E+00
+6.5000E-06,+3.4281405956E+00,+33.0834184289E+00
+7.0000E-06,+3.5085426047E+00,+33.8874385354E+00
+7.5000E-06,+3.5085426047E+00,+33.0834184289E+00
+8.0000E-06,+3.4281405956E+00,+33.0834184289E+00
+8.5000E-06,+3.4281405956E+00,+33.0834184292E+00
+9.0000E-06,+3.4281405956E+00,+33.0834184289E+00
+9.5000E-06,+3.4281405956E+00,+33.0834184292E+00
+10.0000E-06,+3.4281405956E+00,+33.8874385354E+00
+10.5000E-06,+3.5085426047E+00,+33.8874385357E+00
+11.0000E-06,+3.5085426047E+00,+33.8874385357E+00
+11.5000E-06,+3.5085426047E+00,+33.8874385354E+00
+12.0000E-06,+3.5085426047E+00,+33.8874385357E+00
+12.5000E-06,+3.5085426047E+00,+33.0834184289E+00
+13.0000E-06,+3.5085426047E+00,+33.0834184292E+00
+13.5000E-06,+3.4281405956E+00,+33.8874385354E+00
+14.0000E-06,+3.5085426047E+00,+33.0834184289E+00
+14.5000E-06,+3.4281405956E+00,+33.8874385357E+00
+15.0000E-06,+3.5085426047E+00,+33.8874385357E+00
+15.5000E-06,+3.4281405956E+00,+33.0834184292E+00
+16.0000E-06,+3.5085426047E+00,+32.2793983224E+00
+16.5000E-06,+3.4281405956E+00,+32.2793983224E+00
+17.0000E-06,+3.5085426047E+00,+32.2793983227E+00
+17.5000E-06,+3.4281405956E+00,+33.0834184292E+00
+18.0000E-06,+3.5085426047E+00,+33.0834184292E+00
+18.5000E-06,+3.5085426047E+00,+33.0834184289E+00
+19.0000E-06,+3.4281405956E+00,+33.8874385354E+00
+19.5000E-06,+3.4281405956E+00,+33.8874385357E+00
+20.0000E-06,+3.4281405956E+00,+33.0834184292E+00
+20.5000E-06,+3.4281405955E+00,+33.0834184289E+00
+21.0000E-06,+3.4281405956E+00,+32.2793983227E+00
+21.5000E-06,+3.5085426047E+00,+33.0834184292E+00
+22.0000E-06,+3.5085426047E+00,+33.8874385354E+00
+22.5000E-06,+3.4281405956E+00,+33.0834184289E+00
+23.0000E-06,+3.5085426047E+00,+33.0834184289E+00
+23.5000E-06,+3.5085426047E+00,+33.8874385354E+00
+24.0000E-06,+3.5085426047E+00,+33.0834184292E+00
+24.5000E-06,+3.5085426047E+00,+33.0834184292E+00
+25.0000E-06,+3.5085426047E+00,+33.8874385354E+00
+25.5000E-06,+3.5085426047E+00,+33.8874385354E+00
+26.0000E-06,+3.5085426047E+00,+33.0834184292E+00
+26.5000E-06,+3.5085426047E+00,+33.0834184292E+00
+27.0000E-06,+3.4281405956E+00,+33.0834184289E+00
+27.5000E-06,+3.5085426047E+00,+33.0834184289E+00
+28.0000E-06,+3.4281405956E+00,+33.0834184292E+00
+28.5000E-06,+3.4281405956E+00,+33.0834184289E+00
+29.0000E-06,+3.4281405956E+00,+33.0834184289E+00
+29.5000E-06,+3.4281405956E+00,+33.8874385354E+00
+30.0000E-06,+3.4281405956E+00,+33.8874385354E+00
+30.5000E-06,+3.5085426047E+00,+33.0834184289E+00
+31.0000E-06,+3.4281405956E+00,+33.0834184289E+00
+31.5000E-06,+3.5085426047E+00,+33.8874385354E+00
+32.0000E-06,+3.5085426047E+00,+33.0834184286E+00
+32.5000E-06,+3.4281405956E+00,+33.8874385354E+00
+33.0000E-06,+3.4281405956E+00,+33.0834184292E+00
+33.5000E-06,+3.5085426047E+00,+33.0834184292E+00
+34.0000E-06,+3.4281405956E+00,+33.0834184289E+00
+34.5000E-06,+3.4281405956E+00,+33.0834184286E+00
+35.0000E-06,+3.5085426047E+00,+33.0834184289E+00
+35.5000E-06,+3.5085426047E+00,+33.0834184289E+00
+36.0000E-06,+3.5085426047E+00,+33.0834184289E+00
+36.5000E-06,+3.5085426047E+00,+33.0834184292E+00
+37.0000E-06,+3.4281405956E+00,+33.0834184289E+00
+37.5000E-06,+3.4281405956E+00,+33.0834184292E+00
+38.0000E-06,+3.5085426047E+00,+33.8874385354E+00
+38.5000E-06,+3.4281405956E+00,+33.0834184289E+00
+39.0000E-06,+3.4281405956E+00,+33.0834184289E+00
+39.5000E-06,+3.5085426047E+00,+33.0834184286E+00
+40.0000E-06,+3.4281405956E+00,+33.0834184292E+00
+40.5000E-06,+3.5085426047E+00,+33.0834184289E+00
+41.0000E-06,+3.5085426047E+00,+33.8874385357E+00
+41.5000E-06,+3.5085426047E+00,+33.0834184286E+00
+42.0000E-06,+3.5085426047E+00,+33.0834184289E+00
+42.5000E-06,+3.5085426047E+00,+33.8874385354E+00
+43.0000E-06,+3.4281405956E+00,+33.0834184292E+00
+43.5000E-06,+3.5085426047E+00,+33.0834184289E+00
+44.0000E-06,+3.5085426047E+00,+33.0834184289E+00
+44.5000E-06,+3.5085426047E+00,+33.8874385354E+00
+45.0000E-06,+3.4281405956E+00,+33.0834184292E+00
+45.5000E-06,+3.5085426047E+00,+33.0834184289E+00
+46.0000E-06,+3.5085426047E+00,+33.0834184292E+00
+46.5000E-06,+3.5085426047E+00,+33.8874385354E+00
+47.0000E-06,+3.5085426047E+00,+33.0834184289E+00
+47.5000E-06,+3.5085426047E+00,+33.0834184292E+00
+48.0000E-06,+3.5085426047E+00,+33.0834184289E+00
+48.5000E-06,+3.5085426047E+00,+33.8874385354E+00
+49.0000E-06,+3.5085426047E+00,+33.8874385354E+00
+49.5000E-06,+3.5085426047E+00,+33.0834184289E+00
+50.0000E-06,+3.5085426048E+00,+33.0834184289E+00
+50.5000E-06,+3.5085426047E+00,+33.8874385354E+00
+51.0000E-06,+3.5085426047E+00,+33.0834184289E+00
+51.5000E-06,+3.5889446139E+00,+33.0834184292E+00
+52.0000E-06,+3.4281405956E+00,+33.0834184289E+00
+52.5000E-06,+3.4281405956E+00,+33.0834184292E+00
+53.0000E-06,+3.5085426047E+00,+33.0834184292E+00
+53.5000E-06,+3.5085426047E+00,+33.8874385357E+00
+54.0000E-06,+3.5085426047E+00,+33.0834184292E+00
+54.5000E-06,+3.5085426047E+00,+33.0834184289E+00
+55.0000E-06,+3.4281405956E+00,+33.0834184292E+00
+55.5000E-06,+3.4281405956E+00,+33.8874385354E+00
+56.0000E-06,+3.5085426047E+00,+33.8874385357E+00
+56.5000E-06,+3.5085426047E+00,+32.2793983224E+00
+57.0000E-06,+3.4281405956E+00,+33.0834184292E+00
+57.5000E-06,+3.4281405956E+00,+33.0834184292E+00
+58.0000E-06,+3.4281405956E+00,+33.8874385354E+00
+58.5000E-06,+3.5085426047E+00,+33.0834184289E+00
+59.0000E-06,+3.4281405956E+00,+33.0834184289E+00
+59.5000E-06,+3.5085426047E+00,+33.0834184289E+00
+60.0000E-06,+3.5085426047E+00,+33.8874385354E+00
+60.5000E-06,+3.5085426047E+00,+33.0834184289E+00
+61.0000E-06,+3.5085426047E+00,+33.0834184289E+00
+61.5000E-06,+3.5085426047E+00,+33.0834184289E+00
+62.0000E-06,+3.5085426047E+00,+33.8874385354E+00
+62.5000E-06,+3.5085426047E+00,+33.8874385354E+00
+63.0000E-06,+3.5085426047E+00,+33.0834184289E+00
+63.5000E-06,+3.5085426047E+00,+33.0834184289E+00
+64.0000E-06,+3.5085426047E+00,+33.0834184289E+00
+64.5000E-06,+3.5889446139E+00,+33.0834184289E+00
+65.0000E-06,+3.5085426047E+00,+33.0834184289E+00
+65.5000E-06,+3.4281405956E+00,+33.8874385357E+00
+66.0000E-06,+3.5085426047E+00,+33.0834184286E+00
+66.5000E-06,+3.5085426047E+00,+33.8874385354E+00
+67.0000E-06,+3.5085426047E+00,+33.0834184289E+00
+67.5000E-06,+3.5085426047E+00,+33.0834184286E+00
+68.0000E-06,+3.5085426047E+00,+33.0834184289E+00
+68.5000E-06,+3.4281405956E+00,+33.0834184289E+00
+69.0000E-06,+3.5085426047E+00,+33.8874385357E+00
+69.5000E-06,+3.5085426047E+00,+33.8874385354E+00
+70.0000E-06,+3.5085426047E+00,+33.8874385354E+00
+70.5000E-06,+3.4281405956E+00,+33.0834184292E+00
+71.0000E-06,+3.5085426047E+00,+33.0834184292E+00
+71.5000E-06,+3.4281405956E+00,+33.0834184289E+00
+72.0000E-06,+3.5085426047E+00,+33.8874385354E+00
+72.5000E-06,+3.4281405956E+00,+33.0834184289E+00
+73.0000E-06,+3.5085426047E+00,+32.2793983224E+00
+73.5000E-06,+3.4281405956E+00,+33.8874385354E+00
+74.0000E-06,+3.4281405956E+00,+33.0834184289E+00
+74.5000E-06,+3.5085426047E+00,+33.0834184289E+00
+75.0000E-06,+3.5085426047E+00,+33.0834184289E+00
+75.5000E-06,+3.4281405956E+00,+33.0834184289E+00
+76.0000E-06,+3.5889446139E+00,+32.2793983224E+00
+76.5000E-06,+3.5085426047E+00,+33.0834184289E+00
+77.0000E-06,+3.4281405956E+00,+33.8874385354E+00
+77.5000E-06,+3.5085426047E+00,+33.8874385354E+00
+78.0000E-06,+3.5085426047E+00,+33.0834184289E+00
+78.5000E-06,+3.4281405956E+00,+33.0834184292E+00
+79.0000E-06,+3.5085426047E+00,+33.0834184292E+00
+79.5000E-06,+3.5085426047E+00,+33.8874385354E+00
+80.0000E-06,+3.5085426047E+00,+33.0834184292E+00
+80.5000E-06,+3.5085426047E+00,+33.0834184289E+00
+81.0000E-06,+3.5085426048E+00,+922.6141572E-03
+81.5000E-06,+3.4281405956E+00,+922.6141572E-03
+82.0000E-06,+3.4281405956E+00,+922.6141572E-03
+82.5000E-06,+3.5085426047E+00,+922.6141572E-03
+83.0000E-06,+3.4281405956E+00,+922.6141572E-03
+83.5000E-06,+3.5085426047E+00,+922.6141572E-03
+84.0000E-06,+3.5085426047E+00,+922.6141572E-03
+84.5000E-06,+3.5085426047E+00,+922.6141569E-03
+85.0000E-06,+3.5085426047E+00,+922.6141572E-03
+85.5000E-06,+3.5085426047E+00,+118.5940507E-03
+86.0000E-06,+3.5085426047E+00,+922.6141572E-03
+86.5000E-06,+3.5085426047E+00,+922.6141569E-03
+87.0000E-06,+3.4281405956E+00,+1.7266342637E+00
+87.5000E-06,+3.5085426047E+00,+118.5940507E-03
+88.0000E-06,+3.5085426047E+00,+118.5940507E-03
+88.5000E-06,+3.5085426047E+00,+118.5940504E-03
+89.0000E-06,+3.5085426047E+00,+922.6141572E-03
+89.5000E-06,+3.4281405956E+00,+922.6141572E-03
+90.0000E-06,+3.5085426047E+00,+118.5940507E-03
+90.5000E-06,+3.5085426047E+00,+118.5940504E-03
+91.0000E-06,+3.5085426047E+00,+118.5940504E-03
+91.5000E-06,+3.4281405956E+00,+922.6141572E-03
+92.0000E-06,+3.4281405956E+00,+118.5940507E-03
+92.5000E-06,+3.4281405956E+00,+922.6141569E-03
+93.0000E-06,+3.4281405956E+00,+118.5940504E-03
+93.5000E-06,+3.4281405956E+00,+922.6141569E-03
+94.0000E-06,+3.5085426047E+00,+118.5940507E-03
+94.5000E-06,+3.5085426047E+00,+118.5940504E-03
+95.0000E-06,+3.5085426047E+00,+118.5940507E-03
+95.5000E-06,+3.5889446139E+00,+922.6141569E-03
+96.0000E-06,+3.4281405956E+00,+118.5940504E-03
+96.5000E-06,+3.5085426047E+00,+118.5940504E-03
+97.0000E-06,+3.5085426048E+00,+1.7266342634E+00
+97.5000E-06,+3.5085426047E+00,+118.5940504E-03
+98.0000E-06,+3.5085426047E+00,+922.6141572E-03
+98.5000E-06,+3.5085426047E+00,+118.5940507E-03
+99.0000E-06,+3.5085426047E+00,+922.6141572E-03
+99.5000E-06,+3.5085426047E+00,+922.6141569E-03
+100.0000E-06,+3.5085426047E+00,+118.5940507E-03
+100.5000E-06,+3.5085426047E+00,+118.5940507E-03
+101.0000E-06,+3.5085426047E+00,+118.5940504E-03
+101.5000E-06,+3.5085426047E+00,+922.6141569E-03
+102.0000E-06,+3.5085426047E+00,+922.6141569E-03
+102.5000E-06,+3.5085426047E+00,+118.5940507E-03
+103.0000E-06,+3.4281405956E+00,+118.5940504E-03
+103.5000E-06,+3.5085426047E+00,+118.5940504E-03
+104.0000E-06,+3.4281405956E+00,+118.5940507E-03
+104.5000E-06,+3.5085426047E+00,+922.6141572E-03
+105.0000E-06,+3.5085426047E+00,+922.6141572E-03
+105.5000E-06,+3.5085426047E+00,+118.5940507E-03
+106.0000E-06,+3.5085426047E+00,+922.6141572E-03
+106.5000E-06,+3.5889446139E+00,+922.6141569E-03
+107.0000E-06,+3.5085426047E+00,+118.5940507E-03
+107.5000E-06,+3.4281405956E+00,+118.5940504E-03
+108.0000E-06,+3.5085426047E+00,+118.5940504E-03
+108.5000E-06,+3.5085426047E+00,+118.5940504E-03
+109.0000E-06,+3.5085426047E+00,+922.6141569E-03
+109.5000E-06,+3.5889446139E+00,+922.6141572E-03
+110.0000E-06,+3.5085426047E+00,+118.5940507E-03
+110.5000E-06,+3.4281405956E+00,+118.5940504E-03
+111.0000E-06,+3.4281405956E+00,+922.6141572E-03
+111.5000E-06,+3.5085426047E+00,+118.5940507E-03
+112.0000E-06,+3.5085426047E+00,+118.5940507E-03
+112.5000E-06,+3.5085426047E+00,+922.6141572E-03
+113.0000E-06,+3.3477385864E+00,+118.5940504E-03
+113.5000E-06,+3.4281405955E+00,+922.6141566E-03
+114.0000E-06,+3.2673365772E+00,+118.5940507E-03
+114.5000E-06,+3.1065325588E+00,+922.6141569E-03
+115.0000E-06,+3.0261305496E+00,+118.5940504E-03
+115.5000E-06,+2.7849245220E+00,+922.6141572E-03
+116.0000E-06,+2.7045225128E+00,+118.5940504E-03
+116.5000E-06,+2.5437184945E+00,-685.4260561E-03
+117.0000E-06,+2.4633164853E+00,+118.5940507E-03
+117.5000E-06,+2.3025124669E+00,+922.6141572E-03
+118.0000E-06,+2.0613064394E+00,+118.5940507E-03
+118.5000E-06,+1.9809044302E+00,+118.5940504E-03
+119.0000E-06,+1.7396984026E+00,+922.6141572E-03
+119.5000E-06,+1.6592963934E+00,+118.5940507E-03
+120.0000E-06,+1.4984923750E+00,+118.5940507E-03
+120.5000E-06,+1.2572863474E+00,+1.7266342634E+00
+121.0000E-06,+1.0964823291E+00,+922.6141575E-03
+121.5000E-06,+855.2763015E-03,+118.5940504E-03
+122.0000E-06,+694.4722831E-03,+118.5940504E-03
+122.5000E-06,+453.2662556E-03,+1.7266342637E+00
+123.0000E-06,+292.4622372E-03,+922.6141569E-03
+123.5000E-06,+131.6582188E-03,+118.5940504E-03
+124.0000E-06,+51.2562096E-03,+118.5940507E-03
+124.5000E-06,+51.2562096E-03,+118.5940507E-03
+125.0000E-06,-29.1457996E-03,+118.5940504E-03
+125.5000E-06,-29.1457996E-03,+118.5940504E-03
+126.0000E-06,+51.2562096E-03,+922.6141575E-03
+126.5000E-06,+51.2562096E-03,+118.5940507E-03
+127.0000E-06,+51.2562096E-03,-685.4260561E-03
+127.5000E-06,+51.2562096E-03,+118.5940507E-03
+128.0000E-06,+51.2562096E-03,+922.6141569E-03
+128.5000E-06,-29.1457995E-03,+922.6141569E-03
+129.0000E-06,-29.1457995E-03,+118.5940507E-03
+129.5000E-06,+51.2562096E-03,+922.6141572E-03
+130.0000E-06,+51.2562096E-03,+118.5940504E-03
+130.5000E-06,-109.5478087E-03,+922.6141569E-03
+131.0000E-06,+51.2562096E-03,+922.6141569E-03
+131.5000E-06,+51.2562096E-03,+118.5940504E-03
+132.0000E-06,+51.2562096E-03,+118.5940507E-03
+132.5000E-06,+51.2562096E-03,+1.7266342637E+00
+133.0000E-06,+51.2562096E-03,+118.5940507E-03
+133.5000E-06,-29.1457995E-03,+118.5940504E-03
+134.0000E-06,+51.2562096E-03,+118.5940507E-03
+134.5000E-06,+51.2562096E-03,+118.5940507E-03
+135.0000E-06,+51.2562096E-03,+922.6141569E-03
+135.5000E-06,-29.1457996E-03,+118.5940504E-03
+136.0000E-06,-29.1457996E-03,+922.6141572E-03
+136.5000E-06,-29.1457996E-03,+118.5940504E-03
+137.0000E-06,+51.2562096E-03,+922.6141569E-03
+137.5000E-06,-29.1457996E-03,+1.7266342637E+00
+138.0000E-06,+51.2562096E-03,+118.5940504E-03
+138.5000E-06,-29.1457995E-03,+922.6141569E-03
+139.0000E-06,-29.1457996E-03,+118.5940510E-03
+139.5000E-06,+51.2562096E-03,+118.5940504E-03
+140.0000E-06,-29.1457995E-03,+118.5940507E-03
+140.5000E-06,+51.2562096E-03,+118.5940507E-03
+141.0000E-06,-29.1457996E-03,+118.5940507E-03
+141.5000E-06,-29.1457995E-03,+118.5940507E-03
+142.0000E-06,+51.2562096E-03,+922.6141572E-03
+142.5000E-06,+51.2562096E-03,+922.6141572E-03
+143.0000E-06,+51.2562096E-03,+118.5940507E-03
+143.5000E-06,+51.2562096E-03,+118.5940504E-03
+144.0000E-06,+51.2562096E-03,+922.6141572E-03
+144.5000E-06,+51.2562096E-03,+922.6141572E-03
+145.0000E-06,-29.1457996E-03,+922.6141572E-03
+145.5000E-06,-29.1457996E-03,+118.5940504E-03
+146.0000E-06,-29.1457996E-03,+118.5940504E-03
+146.5000E-06,+51.2562096E-03,+922.6141569E-03
+147.0000E-06,-29.1457996E-03,+118.5940507E-03
+147.5000E-06,+51.2562096E-03,+118.5940507E-03
+148.0000E-06,+51.2562096E-03,+118.5940504E-03
+148.5000E-06,+51.2562096E-03,+922.6141572E-03
+149.0000E-06,-29.1457996E-03,+118.5940504E-03
+149.5000E-06,-29.1457996E-03,+118.5940504E-03
+150.0000E-06,-29.1457996E-03,+922.6141572E-03
+150.5000E-06,-29.1457996E-03,+922.6141572E-03
+151.0000E-06,-29.1457995E-03,+118.5940507E-03
+151.5000E-06,-29.1457996E-03,+118.5940504E-03
+152.0000E-06,+51.2562096E-03,+1.7266342637E+00
+152.5000E-06,+51.2562096E-03,+118.5940504E-03
+153.0000E-06,+51.2562096E-03,+118.5940501E-03
+153.5000E-06,-29.1457996E-03,+922.6141569E-03
+154.0000E-06,-29.1457996E-03,+922.6141569E-03
+154.5000E-06,+51.2562096E-03,+922.6141569E-03
+155.0000E-06,-29.1457996E-03,+118.5940504E-03
+155.5000E-06,-29.1457996E-03,+118.5940507E-03
+156.0000E-06,+51.2562096E-03,+118.5940504E-03
+156.5000E-06,-29.1457996E-03,+922.6141569E-03
+157.0000E-06,-29.1457996E-03,+922.6141572E-03
+157.5000E-06,-29.1457996E-03,+922.6141569E-03
+158.0000E-06,-29.1457996E-03,+118.5940507E-03
+158.5000E-06,-29.1457996E-03,+922.6141569E-03
+159.0000E-06,-29.1457995E-03,+118.5940507E-03
+159.5000E-06,-29.1457996E-03,+922.6141572E-03
+160.0000E-06,-29.1457996E-03,+922.6141572E-03
+160.5000E-06,-29.1457996E-03,+922.6141569E-03
+161.0000E-06,-29.1457995E-03,+922.6141569E-03
+161.5000E-06,+51.2562096E-03,+922.6141569E-03
+162.0000E-06,-29.1457995E-03,+922.6141572E-03
+162.5000E-06,+51.2562096E-03,+118.5940504E-03
+163.0000E-06,-29.1457996E-03,+118.5940504E-03
+163.5000E-06,-29.1457996E-03,+118.5940507E-03
+164.0000E-06,-29.1457995E-03,+118.5940504E-03
+164.5000E-06,-29.1457995E-03,+118.5940507E-03
+165.0000E-06,-29.1457996E-03,+922.6141569E-03
+165.5000E-06,-29.1457995E-03,+922.6141575E-03
+166.0000E-06,+51.2562096E-03,+118.5940504E-03
+166.5000E-06,-29.1457996E-03,+922.6141572E-03
+167.0000E-06,-29.1457996E-03,+1.7266342633E+00
+167.5000E-06,+51.2562096E-03,+118.5940504E-03
+168.0000E-06,-29.1457996E-03,+922.6141572E-03
+168.5000E-06,-109.5478087E-03,+922.6141569E-03
+169.0000E-06,+51.2562096E-03,+922.6141569E-03
+169.5000E-06,-29.1457995E-03,+922.6141572E-03
+170.0000E-06,-109.5478087E-03,+922.6141569E-03
+170.5000E-06,-29.1457996E-03,+922.6141569E-03
+171.0000E-06,-109.5478087E-03,+922.6141569E-03
+171.5000E-06,-29.1457996E-03,+922.6141569E-03
+172.0000E-06,+51.2562096E-03,+118.5940504E-03
+172.5000E-06,-29.1457995E-03,+118.5940504E-03
+173.0000E-06,-29.1457996E-03,+922.6141569E-03
+173.5000E-06,-29.1457996E-03,+922.6141569E-03
+174.0000E-06,-29.1457996E-03,-685.4260557E-03
+174.5000E-06,-29.1457996E-03,+922.6141575E-03
+175.0000E-06,-29.1457996E-03,+118.5940504E-03
+175.5000E-06,-29.1457995E-03,+118.5940508E-03
+176.0000E-06,-109.5478087E-03,+922.6141572E-03
+176.5000E-06,-29.1457995E-03,+118.5940504E-03
+177.0000E-06,-29.1457996E-03,-685.4260560E-03
+177.5000E-06,-29.1457996E-03,+922.6141568E-03
+178.0000E-06,-29.1457996E-03,-685.4260557E-03
+178.5000E-06,-29.1457996E-03,+118.5940508E-03
+179.0000E-06,-29.1457996E-03,+922.6141572E-03
+179.5000E-06,-29.1457996E-03,+118.5940504E-03
+180.0000E-06,-29.1457996E-03,+922.6141568E-03
+180.5000E-06,+51.2562096E-03,+118.5940504E-03
+181.0000E-06,-29.1457996E-03,+118.5940508E-03
+181.5000E-06,-29.1457995E-03,+922.6141568E-03
+182.0000E-06,-29.1457995E-03,+1.7266342633E+00
+182.5000E-06,-29.1457996E-03,+118.5940508E-03
+183.0000E-06,-29.1457995E-03,+922.6141572E-03
+183.5000E-06,-29.1457996E-03,+922.6141568E-03
+184.0000E-06,-29.1457995E-03,+922.6141568E-03
+184.5000E-06,-29.1457996E-03,+922.6141572E-03
+185.0000E-06,+51.2562096E-03,+118.5940504E-03
+185.5000E-06,-29.1457996E-03,-685.4260560E-03
+186.0000E-06,-29.1457996E-03,+118.5940504E-03
+186.5000E-06,-29.1457995E-03,+922.6141572E-03
+187.0000E-06,-29.1457995E-03,+118.5940504E-03
+187.5000E-06,-29.1457995E-03,+922.6141572E-03
+188.0000E-06,+51.2562096E-03,+922.6141572E-03
+188.5000E-06,-29.1457996E-03,+118.5940508E-03
+189.0000E-06,+51.2562096E-03,+118.5940504E-03
+189.5000E-06,-29.1457996E-03,+118.5940508E-03
+190.0000E-06,-29.1457995E-03,+118.5940504E-03
+190.5000E-06,-29.1457995E-03,+922.6141568E-03
+191.0000E-06,-29.1457996E-03,+118.5940508E-03
+191.5000E-06,-109.5478087E-03,+922.6141572E-03
+192.0000E-06,-29.1457996E-03,+922.6141568E-03
+192.5000E-06,-29.1457996E-03,+922.6141568E-03
+193.0000E-06,-29.1457996E-03,+922.6141572E-03
+193.5000E-06,-29.1457996E-03,+922.6141572E-03
+194.0000E-06,-29.1457996E-03,+922.6141568E-03
+194.5000E-06,-29.1457996E-03,+922.6141572E-03
+195.0000E-06,-29.1457996E-03,+922.6141568E-03
+195.5000E-06,-29.1457996E-03,+922.6141568E-03
+196.0000E-06,-29.1457996E-03,+922.6141572E-03
+196.5000E-06,+51.2562096E-03,+118.5940508E-03
+197.0000E-06,-29.1457995E-03,+118.5940504E-03
+197.5000E-06,-29.1457996E-03,+922.6141568E-03
+198.0000E-06,-29.1457995E-03,+922.6141572E-03
+198.5000E-06,-29.1457995E-03,+118.5940504E-03
+199.0000E-06,-29.1457995E-03,+922.6141572E-03
+199.5000E-06,-29.1457995E-03,+922.6141572E-03
+200.0000E-06,+51.2562096E-03,+118.5940508E-03
+200.5000E-06,-29.1457995E-03,+922.6141565E-03
+201.0000E-06,+51.2562096E-03,+118.5940508E-03
+201.5000E-06,-29.1457995E-03,+922.6141568E-03
+202.0000E-06,-109.5478087E-03,+118.5940504E-03
+202.5000E-06,-29.1457996E-03,+118.5940508E-03
+203.0000E-06,-29.1457996E-03,+922.6141572E-03
+203.5000E-06,-29.1457995E-03,+118.5940500E-03
+204.0000E-06,-29.1457996E-03,+922.6141572E-03
+204.5000E-06,-29.1457996E-03,+922.6141572E-03
+205.0000E-06,-29.1457996E-03,+118.5940504E-03
+205.5000E-06,-29.1457996E-03,+33.0834184289E+00
+206.0000E-06,-29.1457996E-03,+33.0834184289E+00
+206.5000E-06,-29.1457996E-03,+33.0834184289E+00
+207.0000E-06,-29.1457996E-03,+32.2793983225E+00
+207.5000E-06,-29.1457996E-03,+33.0834184289E+00
+208.0000E-06,-29.1457996E-03,+33.0834184289E+00
+208.5000E-06,-29.1457996E-03,+33.0834184293E+00
+209.0000E-06,-29.1457995E-03,+33.0834184289E+00
+209.5000E-06,-29.1457995E-03,+33.0834184289E+00
+210.0000E-06,-29.1457996E-03,+33.0834184289E+00
+210.5000E-06,-29.1457996E-03,+33.0834184293E+00
+211.0000E-06,-109.5478087E-03,+33.0834184293E+00
+211.5000E-06,-109.5478087E-03,+33.8874385353E+00
+212.0000E-06,-29.1457996E-03,+33.0834184293E+00
+212.5000E-06,-29.1457996E-03,+33.0834184289E+00
+213.0000E-06,-29.1457995E-03,+33.0834184297E+00
+213.5000E-06,-29.1457996E-03,+33.0834184293E+00
+214.0000E-06,-29.1457996E-03,+33.0834184293E+00
+214.5000E-06,-29.1457996E-03,+33.0834184289E+00
+215.0000E-06,-29.1457996E-03,+33.0834184293E+00
+215.5000E-06,-29.1457996E-03,+33.0834184293E+00
+216.0000E-06,-29.1457996E-03,+33.8874385353E+00
+216.5000E-06,-109.5478087E-03,+33.0834184293E+00
+217.0000E-06,-29.1457996E-03,+33.0834184285E+00
+217.5000E-06,-29.1457996E-03,+33.0834184293E+00
+218.0000E-06,-29.1457996E-03,+33.0834184289E+00
+218.5000E-06,-29.1457996E-03,+33.8874385357E+00
+219.0000E-06,-29.1457995E-03,+33.0834184293E+00
+219.5000E-06,-29.1457996E-03,+33.0834184293E+00
+220.0000E-06,+51.2562096E-03,+33.0834184289E+00
+220.5000E-06,-29.1457996E-03,+33.0834184293E+00
+221.0000E-06,-29.1457995E-03,+33.8874385353E+00
+221.5000E-06,-29.1457996E-03,+33.0834184293E+00
+222.0000E-06,-29.1457995E-03,+33.0834184293E+00
+222.5000E-06,-29.1457996E-03,+33.0834184289E+00
+223.0000E-06,-29.1457996E-03,+32.2793983225E+00
+223.5000E-06,-29.1457995E-03,+33.8874385357E+00
+224.0000E-06,-29.1457996E-03,+33.0834184289E+00
+224.5000E-06,-109.5478087E-03,+33.0834184289E+00
+225.0000E-06,-29.1457995E-03,+33.0834184289E+00
+225.5000E-06,-29.1457996E-03,+33.8874385353E+00
+226.0000E-06,-29.1457996E-03,+33.8874385353E+00
+226.5000E-06,-29.1457996E-03,+33.8874385353E+00
+227.0000E-06,+51.2562096E-03,+33.8874385353E+00
+227.5000E-06,-29.1457996E-03,+33.0834184293E+00
+228.0000E-06,-29.1457996E-03,+33.0834184289E+00
+228.5000E-06,-109.5478087E-03,+33.0834184289E+00
+229.0000E-06,-109.5478087E-03,+33.8874385353E+00
+229.5000E-06,-29.1457996E-03,+32.2793983229E+00
+230.0000E-06,-29.1457996E-03,+33.0834184293E+00
+230.5000E-06,-29.1457995E-03,+33.0834184285E+00
+231.0000E-06,+51.2562095E-03,+33.0834184289E+00
+231.5000E-06,-29.1457996E-03,+33.0834184289E+00
+232.0000E-06,-29.1457996E-03,+33.8874385353E+00
+232.5000E-06,+51.2562096E-03,+33.0834184293E+00
+233.0000E-06,-29.1457996E-03,+32.2793983225E+00
+233.5000E-06,-29.1457996E-03,+33.0834184289E+00
+234.0000E-06,-29.1457995E-03,+33.0834184289E+00
+234.5000E-06,-29.1457995E-03,+33.8874385353E+00
+235.0000E-06,+51.2562096E-03,+33.8874385353E+00
+235.5000E-06,-29.1457996E-03,+33.0834184289E+00
+236.0000E-06,-29.1457996E-03,+33.0834184289E+00
+236.5000E-06,-29.1457995E-03,+33.0834184293E+00
+237.0000E-06,-29.1457996E-03,+33.8874385353E+00
+237.5000E-06,-109.5478087E-03,+33.0834184289E+00
+238.0000E-06,-29.1457996E-03,+33.0834184289E+00
+238.5000E-06,-29.1457996E-03,+33.8874385353E+00
+239.0000E-06,-29.1457996E-03,+33.0834184289E+00
+239.5000E-06,-29.1457996E-03,+33.8874385353E+00
+240.0000E-06,-109.5478087E-03,+33.8874385357E+00
+240.5000E-06,+51.2562096E-03,+33.0834184293E+00
+241.0000E-06,-29.1457996E-03,+33.0834184289E+00
+241.5000E-06,-29.1457996E-03,+33.0834184285E+00
+242.0000E-06,-109.5478087E-03,+33.0834184289E+00
+242.5000E-06,-29.1457996E-03,+33.0834184289E+00
+243.0000E-06,+51.2562096E-03,+33.0834184293E+00
+243.5000E-06,+51.2562096E-03,+33.0834184289E+00
+244.0000E-06,+292.4622372E-03,+33.0834184289E+00
+244.5000E-06,+453.2662556E-03,+33.0834184289E+00
+245.0000E-06,+694.4722831E-03,+33.0834184289E+00
+245.5000E-06,+855.2763015E-03,+32.2793983225E+00
+246.0000E-06,+1.0964823291E+00,+33.8874385353E+00
+246.5000E-06,+1.3376883566E+00,+33.8874385357E+00
+247.0000E-06,+1.5788943842E+00,+32.2793983229E+00
+247.5000E-06,+1.8201004118E+00,+33.0834184289E+00
+248.0000E-06,+1.9005024210E+00,+33.8874385353E+00
+248.5000E-06,+2.2221104577E+00,+33.8874385357E+00
+249.0000E-06,+2.4633164853E+00,+33.0834184289E+00
+249.5000E-06,+2.6241205037E+00,+33.0834184293E+00
+250.0000E-06,+2.8653265312E+00,+33.8874385357E+00
+250.5000E-06,+3.0261305497E+00,+33.8874385353E+00
+251.0000E-06,+3.3477385864E+00,+33.8874385353E+00
+251.5000E-06,+3.4281405956E+00,+33.0834184289E+00
+252.0000E-06,+3.5085426047E+00,+33.0834184289E+00
+252.5000E-06,+3.5085426047E+00,+33.0834184289E+00
+253.0000E-06,+3.4281405956E+00,+33.0834184293E+00
+253.5000E-06,+3.5085426047E+00,+33.0834184289E+00
+254.0000E-06,+3.4281405956E+00,+33.8874385357E+00
+254.5000E-06,+3.4281405956E+00,+33.0834184289E+00
+255.0000E-06,+3.4281405956E+00,+33.0834184293E+00
+255.5000E-06,+3.5085426047E+00,+33.0834184289E+00
+256.0000E-06,+3.4281405956E+00,+33.0834184289E+00
+256.5000E-06,+3.4281405955E+00,+33.0834184289E+00
+257.0000E-06,+3.5085426047E+00,+33.0834184289E+00
+257.5000E-06,+3.4281405956E+00,+32.2793983225E+00
+258.0000E-06,+3.4281405956E+00,+33.0834184289E+00
+258.5000E-06,+3.4281405956E+00,+33.8874385353E+00
+259.0000E-06,+3.4281405956E+00,+33.0834184289E+00
+259.5000E-06,+3.4281405956E+00,+33.8874385353E+00
+260.0000E-06,+3.4281405956E+00,+33.0834184289E+00
+260.5000E-06,+3.5085426047E+00,+33.8874385353E+00
+261.0000E-06,+3.4281405956E+00,+33.0834184289E+00
+261.5000E-06,+3.4281405956E+00,+33.0834184289E+00
+262.0000E-06,+3.4281405956E+00,+33.0834184289E+00
+262.5000E-06,+3.3477385865E+00,+33.8874385353E+00
+263.0000E-06,+3.4281405956E+00,+33.0834184293E+00
+263.5000E-06,+3.4281405956E+00,+33.8874385353E+00
+264.0000E-06,+3.5085426047E+00,+33.0834184289E+00
+264.5000E-06,+3.3477385864E+00,+33.0834184289E+00
+265.0000E-06,+3.3477385864E+00,+33.8874385357E+00
+265.5000E-06,+3.5085426047E+00,+33.0834184289E+00
+266.0000E-06,+3.5085426047E+00,+32.2793983225E+00
+266.5000E-06,+3.5085426047E+00,+33.0834184289E+00
+267.0000E-06,+3.4281405956E+00,+32.2793983230E+00
+267.5000E-06,+3.4281405956E+00,+33.8874385353E+00
+268.0000E-06,+3.4281405956E+00,+33.0834184289E+00
+268.5000E-06,+3.5085426047E+00,+33.0834184289E+00
+269.0000E-06,+3.4281405956E+00,+33.0834184289E+00
+269.5000E-06,+3.4281405956E+00,+33.8874385353E+00
+270.0000E-06,+3.4281405956E+00,+33.8874385357E+00
+270.5000E-06,+3.5085426047E+00,+33.0834184293E+00
+271.0000E-06,+3.4281405956E+00,+33.8874385353E+00
+271.5000E-06,+3.5085426047E+00,+33.8874385357E+00
+272.0000E-06,+3.5085426047E+00,+33.0834184289E+00
+272.5000E-06,+3.4281405956E+00,+33.0834184289E+00
+273.0000E-06,+3.4281405956E+00,+33.8874385353E+00
+273.5000E-06,+3.5085426047E+00,+33.8874385352E+00
+274.0000E-06,+3.5085426047E+00,+33.0834184289E+00
+274.5000E-06,+3.5085426047E+00,+33.0834184289E+00
+275.0000E-06,+3.4281405956E+00,+33.8874385357E+00
+275.5000E-06,+3.4281405956E+00,+33.0834184289E+00
+276.0000E-06,+3.4281405956E+00,+33.8874385352E+00
+276.5000E-06,+3.5085426048E+00,+33.0834184289E+00
+277.0000E-06,+3.4281405956E+00,+33.0834184289E+00
+277.5000E-06,+3.5085426047E+00,+33.0834184289E+00
+278.0000E-06,+3.4281405956E+00,+33.0834184289E+00
+278.5000E-06,+3.5085426047E+00,+33.8874385357E+00
+279.0000E-06,+3.4281405956E+00,+33.0834184289E+00
+279.5000E-06,+3.4281405956E+00,+33.0834184289E+00
+280.0000E-06,+3.5889446138E+00,+33.0834184289E+00
+280.5000E-06,+3.4281405956E+00,+32.2793983226E+00
+281.0000E-06,+3.5085426047E+00,+33.8874385352E+00
+281.5000E-06,+3.4281405956E+00,+33.8874385357E+00
+282.0000E-06,+3.5085426047E+00,+33.0834184289E+00
+282.5000E-06,+3.4281405956E+00,+33.8874385357E+00
+283.0000E-06,+3.5085426047E+00,+33.0834184293E+00
+283.5000E-06,+3.5085426047E+00,+33.8874385352E+00
+284.0000E-06,+3.5085426047E+00,+33.0834184293E+00
+284.5000E-06,+3.4281405956E+00,+33.0834184289E+00
+285.0000E-06,+3.4281405956E+00,+33.0834184289E+00
+285.5000E-06,+3.5085426047E+00,+33.0834184289E+00
+286.0000E-06,+3.5085426047E+00,+33.0834184289E+00
+286.5000E-06,+3.5085426047E+00,+33.8874385352E+00
+287.0000E-06,+3.4281405956E+00,+33.0834184289E+00
+287.5000E-06,+3.4281405956E+00,+33.0834184289E+00
+288.0000E-06,+3.5085426047E+00,+33.0834184284E+00
+288.5000E-06,+3.5085426047E+00,+33.0834184284E+00
+289.0000E-06,+3.4281405956E+00,+33.0834184289E+00
+289.5000E-06,+3.5085426047E+00,+33.0834184289E+00
+290.0000E-06,+3.4281405956E+00,+33.0834184289E+00
+290.5000E-06,+3.4281405956E+00,+33.0834184294E+00
+291.0000E-06,+3.5085426047E+00,+33.0834184289E+00
+291.5000E-06,+3.4281405956E+00,+33.0834184289E+00
+292.0000E-06,+3.5085426047E+00,+33.0834184289E+00
+292.5000E-06,+3.5085426047E+00,+33.0834184289E+00
+293.0000E-06,+3.4281405956E+00,+33.0834184289E+00
+293.5000E-06,+3.5085426047E+00,+33.0834184289E+00
+294.0000E-06,+3.5085426047E+00,+33.0834184289E+00
+294.5000E-06,+3.5085426047E+00,+33.0834184294E+00
+295.0000E-06,+3.5085426047E+00,+33.8874385352E+00
+295.5000E-06,+3.5085426047E+00,+33.0834184289E+00
+296.0000E-06,+3.5085426047E+00,+33.0834184289E+00
+296.5000E-06,+3.5085426047E+00,+33.0834184289E+00
+297.0000E-06,+3.5085426047E+00,+33.0834184289E+00
+297.5000E-06,+3.5085426047E+00,+33.0834184289E+00
+298.0000E-06,+3.5085426047E+00,+33.0834184294E+00
+298.5000E-06,+3.4281405956E+00,+33.8874385352E+00
+299.0000E-06,+3.5085426047E+00,+33.0834184289E+00
+299.5000E-06,+3.5085426047E+00,+33.8874385352E+00
+300.0000E-06,+3.4281405956E+00,+33.8874385357E+00
+300.5000E-06,+3.5085426047E+00,+33.0834184289E+00
+301.0000E-06,+3.5085426047E+00,+33.0834184289E+00
+301.5000E-06,+3.5085426047E+00,+33.0834184294E+00
+302.0000E-06,+3.4281405956E+00,+33.8874385352E+00
+302.5000E-06,+3.5085426047E+00,+33.0834184284E+00
+303.0000E-06,+3.5085426047E+00,+33.0834184289E+00
+303.5000E-06,+3.4281405956E+00,+33.0834184289E+00
+304.0000E-06,+3.5085426047E+00,+33.0834184294E+00
+304.5000E-06,+3.4281405956E+00,+33.0834184289E+00
+305.0000E-06,+3.4281405956E+00,+33.0834184294E+00
+305.5000E-06,+3.5085426047E+00,+33.8874385352E+00
+306.0000E-06,+3.5085426047E+00,+33.0834184289E+00
+306.5000E-06,+3.5085426047E+00,+33.0834184289E+00
+307.0000E-06,+3.4281405956E+00,+33.0834184289E+00
+307.5000E-06,+3.4281405956E+00,+33.8874385352E+00
+308.0000E-06,+3.4281405956E+00,+33.0834184284E+00
+308.5000E-06,+3.3477385864E+00,+34.6914586415E+00
+309.0000E-06,+3.5085426047E+00,+33.8874385357E+00
+309.5000E-06,+3.5085426047E+00,+33.0834184289E+00
+310.0000E-06,+3.5085426047E+00,+33.0834184289E+00
+310.5000E-06,+3.5085426047E+00,+33.0834184289E+00
+311.0000E-06,+3.5085426047E+00,+32.2793983226E+00
+311.5000E-06,+3.4281405956E+00,+33.0834184289E+00
+312.0000E-06,+3.4281405956E+00,+33.0834184289E+00
+312.5000E-06,+3.4281405956E+00,+33.8874385352E+00
+313.0000E-06,+3.5085426047E+00,+33.8874385352E+00
+313.5000E-06,+3.4281405956E+00,+33.8874385352E+00
+314.0000E-06,+3.5085426047E+00,+32.2793983226E+00
+314.5000E-06,+3.4281405956E+00,+33.0834184289E+00
+315.0000E-06,+3.5085426047E+00,+33.8874385352E+00
+315.5000E-06,+3.5085426047E+00,+33.0834184289E+00
+316.0000E-06,+3.5085426047E+00,+33.0834184294E+00
+316.5000E-06,+3.5085426047E+00,+33.0834184294E+00
+317.0000E-06,+3.5085426047E+00,+33.8874385352E+00
+317.5000E-06,+3.5085426047E+00,+33.8874385357E+00
+318.0000E-06,+3.5889446139E+00,+33.0834184289E+00
+318.5000E-06,+3.4281405956E+00,+33.0834184289E+00
+319.0000E-06,+3.5889446138E+00,+33.0834184294E+00
+319.5000E-06,+3.5085426047E+00,+33.0834184289E+00
+320.0000E-06,+3.5085426047E+00,+33.0834184294E+00
+320.5000E-06,+3.5085426047E+00,+32.2793983226E+00
+321.0000E-06,+3.5085426047E+00,+33.0834184289E+00
+321.5000E-06,+3.5085426047E+00,+33.0834184294E+00
+322.0000E-06,+3.4281405956E+00,+33.0834184289E+00
+322.5000E-06,+3.5085426048E+00,+33.8874385352E+00
+323.0000E-06,+3.5085426047E+00,+33.0834184284E+00
+323.5000E-06,+3.5085426047E+00,+33.0834184294E+00
+324.0000E-06,+3.5889446138E+00,+33.0834184289E+00
+324.5000E-06,+3.5085426047E+00,+33.0834184294E+00
+325.0000E-06,+3.5085426047E+00,+33.8874385357E+00
+325.5000E-06,+3.4281405956E+00,+33.0834184284E+00
+326.0000E-06,+3.5889446139E+00,+33.0834184289E+00
+326.5000E-06,+3.5085426047E+00,+33.8874385352E+00
+327.0000E-06,+3.5085426047E+00,+33.0834184289E+00
+327.5000E-06,+3.5085426048E+00,+33.0834184294E+00
+328.0000E-06,+3.5085426047E+00,+33.0834184294E+00
+328.5000E-06,+3.5085426047E+00,+33.8874385352E+00
+329.0000E-06,+3.5085426047E+00,+33.8874385352E+00
+329.5000E-06,+3.4281405956E+00,-5.5095466897E+00
+330.0000E-06,+3.4281405956E+00,+922.6141572E-03
+330.5000E-06,+3.5085426047E+00,+922.6141572E-03
+331.0000E-06,+3.5085426047E+00,+118.5940504E-03
+331.5000E-06,+3.5085426047E+00,+922.6141572E-03
+332.0000E-06,+3.5085426047E+00,+922.6141572E-03
+332.5000E-06,+3.5085426047E+00,+118.5940504E-03
+333.0000E-06,+3.5085426047E+00,+1.7266342635E+00
+333.5000E-06,+3.5085426047E+00,+118.5940509E-03
+334.0000E-06,+3.4281405956E+00,+922.6141567E-03
+334.5000E-06,+3.5085426047E+00,+922.6141572E-03
+335.0000E-06,+3.5085426047E+00,+118.5940509E-03
+335.5000E-06,+3.5085426047E+00,+118.5940509E-03
+336.0000E-06,+3.5085426047E+00,+118.5940509E-03
+336.5000E-06,+3.5085426047E+00,+922.6141572E-03
+337.0000E-06,+3.5085426047E+00,+118.5940509E-03
+337.5000E-06,+3.5085426048E+00,+118.5940504E-03
+338.0000E-06,+3.4281405956E+00,+118.5940509E-03
+338.5000E-06,+3.4281405956E+00,+118.5940509E-03
+339.0000E-06,+3.5085426047E+00,+922.6141567E-03
+339.5000E-06,+3.4281405956E+00,+922.6141572E-03
+340.0000E-06,+3.5085426047E+00,+118.5940504E-03
+340.5000E-06,+3.4281405957E+00,+922.6141567E-03
+341.0000E-06,+3.4281405956E+00,+118.5940504E-03
+341.5000E-06,+3.5085426047E+00,+922.6141572E-03
+342.0000E-06,+3.4281405956E+00,+922.6141572E-03
+342.5000E-06,+3.5085426047E+00,+922.6141567E-03
+343.0000E-06,+3.4281405956E+00,+922.6141567E-03
+343.5000E-06,+3.4281405956E+00,+922.6141567E-03
+344.0000E-06,+3.4281405956E+00,+922.6141572E-03
+344.5000E-06,+3.5085426047E+00,+922.6141572E-03
+345.0000E-06,+3.5085426047E+00,+118.5940509E-03
+345.5000E-06,+3.5889446139E+00,+922.6141567E-03
+346.0000E-06,+3.5085426047E+00,+922.6141567E-03
+346.5000E-06,+3.4281405956E+00,+922.6141572E-03
+347.0000E-06,+3.5085426047E+00,+922.6141572E-03
+347.5000E-06,+3.5085426047E+00,+922.6141567E-03
+348.0000E-06,+3.5085426047E+00,+922.6141567E-03
+348.5000E-06,+3.5085426047E+00,+118.5940504E-03
+349.0000E-06,+3.5085426047E+00,+118.5940504E-03
+349.5000E-06,+3.4281405956E+00,+922.6141567E-03
+350.0000E-06,+3.5085426047E+00,+118.5940509E-03
+350.5000E-06,+3.5085426047E+00,+118.5940504E-03
+351.0000E-06,+3.5085426047E+00,+118.5940509E-03
+351.5000E-06,+3.5085426047E+00,+118.5940509E-03
+352.0000E-06,+3.5085426047E+00,+118.5940504E-03
+352.5000E-06,+3.4281405956E+00,+118.5940504E-03
+353.0000E-06,+3.5085426047E+00,+922.6141567E-03
+353.5000E-06,+3.5085426047E+00,+922.6141562E-03
+354.0000E-06,+3.5085426047E+00,+118.5940504E-03
+354.5000E-06,+3.4281405956E+00,+922.6141567E-03
+355.0000E-06,+3.5085426048E+00,+922.6141572E-03
+355.5000E-06,+3.5085426047E+00,+922.6141567E-03
+356.0000E-06,+3.5085426047E+00,+922.6141572E-03
+356.5000E-06,+3.5085426047E+00,+118.5940504E-03
+357.0000E-06,+3.5085426047E+00,+118.5940504E-03
+357.5000E-06,+3.5085426047E+00,+922.6141567E-03
+358.0000E-06,+3.5085426047E+00,+922.6141572E-03
+358.5000E-06,+3.5085426048E+00,+118.5940509E-03
+359.0000E-06,+3.5085426047E+00,+922.6141567E-03
+359.5000E-06,+3.5085426047E+00,+118.5940499E-03
+360.0000E-06,+3.5085426047E+00,+118.5940504E-03
+360.5000E-06,+3.5085426047E+00,+118.5940509E-03
+361.0000E-06,+3.4281405956E+00,+118.5940509E-03
+361.5000E-06,+3.5085426047E+00,+922.6141572E-03
+362.0000E-06,+3.5085426047E+00,+922.6141567E-03
+362.5000E-06,+3.3477385864E+00,+118.5940509E-03
+363.0000E-06,+3.2673365772E+00,+118.5940509E-03
+363.5000E-06,+3.0261305497E+00,+118.5940509E-03
+364.0000E-06,+2.9457285405E+00,+118.5940504E-03
+364.5000E-06,+2.7849245220E+00,+922.6141567E-03
+365.0000E-06,+2.7045225129E+00,+922.6141572E-03
+365.5000E-06,+2.5437184945E+00,+118.5940504E-03
+366.0000E-06,+2.3829144761E+00,+922.6141567E-03
+366.5000E-06,+2.3025124669E+00,+118.5940504E-03
+367.0000E-06,+2.0613064393E+00,+922.6141572E-03
+367.5000E-06,+1.9809044301E+00,+118.5940504E-03
+368.0000E-06,+1.8201004118E+00,+922.6141572E-03
+368.5000E-06,+1.6592963934E+00,+118.5940509E-03
+369.0000E-06,+1.4180903659E+00,+118.5940509E-03
+369.5000E-06,+1.2572863475E+00,+118.5940509E-03
+370.0000E-06,+1.0964823291E+00,+118.5940504E-03
+370.5000E-06,+855.2763015E-03,+922.6141572E-03
+371.0000E-06,+694.4722831E-03,+922.6141567E-03
+371.5000E-06,+453.2662556E-03,+118.5940509E-03
+372.0000E-06,+212.0602280E-03,+922.6141567E-03
+372.5000E-06,+131.6582188E-03,+118.5940504E-03
+373.0000E-06,+131.6582187E-03,+922.6141567E-03
+373.5000E-06,+131.6582187E-03,+922.6141572E-03
+374.0000E-06,-29.1457995E-03,+118.5940504E-03
+374.5000E-06,+51.2562096E-03,+118.5940509E-03
+375.0000E-06,+51.2562096E-03,+118.5940504E-03
+375.5000E-06,-29.1457996E-03,+922.6141572E-03
+376.0000E-06,+51.2562096E-03,+118.5940509E-03
+376.5000E-06,-29.1457995E-03,+922.6141567E-03
+377.0000E-06,+51.2562096E-03,+118.5940509E-03
+377.5000E-06,+51.2562096E-03,+118.5940504E-03
+378.0000E-06,+51.2562096E-03,+922.6141572E-03
+378.5000E-06,+51.2562096E-03,+118.5940510E-03
+379.0000E-06,+51.2562096E-03,+118.5940504E-03
+379.5000E-06,+51.2562096E-03,+118.5940504E-03
+380.0000E-06,+51.2562096E-03,+118.5940504E-03
+380.5000E-06,+51.2562096E-03,+922.6141572E-03
+381.0000E-06,-29.1457995E-03,+922.6141566E-03
+381.5000E-06,+51.2562096E-03,+922.6141566E-03
+382.0000E-06,+51.2562096E-03,+922.6141566E-03
+382.5000E-06,+51.2562096E-03,+922.6141572E-03
+383.0000E-06,+51.2562096E-03,+922.6141561E-03
+383.5000E-06,+51.2562096E-03,+922.6141566E-03
+384.0000E-06,-29.1457996E-03,+922.6141577E-03
+384.5000E-06,-29.1457996E-03,+118.5940510E-03
+385.0000E-06,+51.2562096E-03,+118.5940510E-03
+385.5000E-06,-29.1457996E-03,+922.6141572E-03
+386.0000E-06,+51.2562096E-03,+118.5940510E-03
+386.5000E-06,+131.6582187E-03,+922.6141566E-03
+387.0000E-06,+51.2562096E-03,+922.6141572E-03
+387.5000E-06,+51.2562096E-03,+922.6141572E-03
+388.0000E-06,+51.2562096E-03,+922.6141566E-03
+388.5000E-06,+51.2562096E-03,+118.5940510E-03
+389.0000E-06,-29.1457995E-03,+922.6141572E-03
+389.5000E-06,-29.1457995E-03,+922.6141572E-03
+390.0000E-06,+51.2562096E-03,+118.5940510E-03
+390.5000E-06,+51.2562096E-03,+922.6141566E-03
+391.0000E-06,+51.2562096E-03,+922.6141566E-03
+391.5000E-06,+51.2562096E-03,+118.5940504E-03
+392.0000E-06,-29.1457996E-03,+922.6141572E-03
+392.5000E-06,-29.1457995E-03,+118.5940504E-03
+393.0000E-06,-29.1457996E-03,+922.6141572E-03
+393.5000E-06,+51.2562096E-03,+922.6141566E-03
+394.0000E-06,-29.1457996E-03,+118.5940510E-03
+394.5000E-06,-29.1457996E-03,+922.6141572E-03
+395.0000E-06,-29.1457996E-03,+118.5940504E-03
+395.5000E-06,+51.2562096E-03,+922.6141566E-03
+396.0000E-06,+51.2562096E-03,+118.5940504E-03
+396.5000E-06,-29.1457995E-03,+922.6141566E-03
+397.0000E-06,-29.1457996E-03,+922.6141572E-03
+397.5000E-06,-29.1457996E-03,+118.5940504E-03
+398.0000E-06,+51.2562096E-03,+922.6141561E-03
+398.5000E-06,+51.2562096E-03,+922.6141578E-03
+399.0000E-06,-29.1457995E-03,+118.5940510E-03
+399.5000E-06,+51.2562096E-03,+118.5940504E-03
+400.0000E-06,+51.2562096E-03,+922.6141572E-03
+400.5000E-06,+51.2562096E-03,+922.6141572E-03
+401.0000E-06,+51.2562096E-03,+922.6141566E-03
+401.5000E-06,+51.2562096E-03,+118.5940510E-03
+402.0000E-06,-109.5478087E-03,+922.6141566E-03
+402.5000E-06,-29.1457996E-03,+922.6141572E-03
+403.0000E-06,+51.2562096E-03,+118.5940510E-03
+403.5000E-06,-29.1457996E-03,+118.5940510E-03
+404.0000E-06,-29.1457996E-03,+922.6141572E-03
+404.5000E-06,+51.2562096E-03,+118.5940504E-03
+405.0000E-06,-29.1457995E-03,+922.6141566E-03
+405.5000E-06,-29.1457996E-03,+118.5940510E-03
+406.0000E-06,-29.1457995E-03,+118.5940504E-03
+406.5000E-06,-29.1457996E-03,+922.6141566E-03
+407.0000E-06,-29.1457996E-03,+922.6141572E-03
+407.5000E-06,-29.1457996E-03,+118.5940504E-03
+408.0000E-06,-29.1457995E-03,+922.6141572E-03
+408.5000E-06,-29.1457996E-03,+922.6141566E-03
+409.0000E-06,-29.1457995E-03,+922.6141566E-03
+409.5000E-06,+51.2562096E-03,+118.5940504E-03
+410.0000E-06,+51.2562096E-03,+118.5940510E-03
+410.5000E-06,-29.1457996E-03,+922.6141566E-03
+411.0000E-06,+51.2562096E-03,+118.5940504E-03
+411.5000E-06,-29.1457996E-03,+922.6141572E-03
+412.0000E-06,+51.2562096E-03,+922.6141572E-03
+412.5000E-06,-29.1457995E-03,+922.6141572E-03
+413.0000E-06,+51.2562096E-03,+922.6141572E-03
+413.5000E-06,-29.1457996E-03,+922.6141566E-03
+414.0000E-06,+51.2562096E-03,+922.6141566E-03
+414.5000E-06,-29.1457996E-03,+118.5940504E-03
+415.0000E-06,-29.1457996E-03,+118.5940504E-03
+415.5000E-06,-29.1457995E-03,+922.6141572E-03
+416.0000E-06,+51.2562096E-03,+118.5940504E-03
+416.5000E-06,-29.1457995E-03,+118.5940504E-03
+417.0000E-06,+51.2562096E-03,+922.6141566E-03
+417.5000E-06,-29.1457996E-03,+118.5940504E-03
+418.0000E-06,-29.1457996E-03,+922.6141566E-03
+418.5000E-06,-29.1457995E-03,+118.5940510E-03
+419.0000E-06,-29.1457996E-03,+118.5940510E-03
+419.5000E-06,+51.2562096E-03,+922.6141572E-03
+420.0000E-06,+51.2562096E-03,+118.5940510E-03
+420.5000E-06,-29.1457996E-03,+922.6141572E-03
+421.0000E-06,-29.1457995E-03,+922.6141566E-03
+421.5000E-06,+51.2562096E-03,+922.6141566E-03
+422.0000E-06,-29.1457996E-03,+922.6141572E-03
+422.5000E-06,-29.1457996E-03,+118.5940510E-03
+423.0000E-06,-29.1457995E-03,+922.6141566E-03
+423.5000E-06,-29.1457995E-03,+118.5940510E-03
+424.0000E-06,-29.1457996E-03,+922.6141566E-03
+424.5000E-06,-109.5478087E-03,+922.6141572E-03
+425.0000E-06,+51.2562096E-03,+1.7266342628E+00
+425.5000E-06,-29.1457996E-03,+118.5940504E-03
+426.0000E-06,-29.1457996E-03,+118.5940504E-03
+426.5000E-06,+51.2562096E-03,+118.5940504E-03
+427.0000E-06,-29.1457996E-03,+922.6141572E-03
+427.5000E-06,-109.5478087E-03,+922.6141566E-03
+428.0000E-06,-29.1457996E-03,+118.5940504E-03
+428.5000E-06,+51.2562095E-03,+118.5940510E-03
+429.0000E-06,-29.1457996E-03,+118.5940504E-03
+429.5000E-06,-29.1457996E-03,+118.5940510E-03
+430.0000E-06,-29.1457996E-03,+118.5940504E-03
+430.5000E-06,+51.2562096E-03,+922.6141572E-03
+431.0000E-06,-29.1457996E-03,+922.6141566E-03
+431.5000E-06,-29.1457996E-03,+922.6141572E-03
+432.0000E-06,-29.1457996E-03,+118.5940504E-03
+432.5000E-06,+51.2562096E-03,+118.5940504E-03
+433.0000E-06,-109.5478086E-03,+118.5940504E-03
+433.5000E-06,-29.1457995E-03,+118.5940504E-03
+434.0000E-06,-29.1457996E-03,+118.5940510E-03
+434.5000E-06,-29.1457996E-03,+118.5940510E-03
+435.0000E-06,-29.1457995E-03,+118.5940510E-03
+435.5000E-06,+51.2562096E-03,+118.5940504E-03
+436.0000E-06,-29.1457996E-03,+118.5940510E-03
+436.5000E-06,-29.1457996E-03,-685.4260558E-03
+437.0000E-06,-29.1457996E-03,+118.5940510E-03
+437.5000E-06,+51.2562095E-03,+118.5940510E-03
+438.0000E-06,-29.1457995E-03,+118.5940504E-03
+438.5000E-06,+51.2562096E-03,+922.6141566E-03
+439.0000E-06,+51.2562096E-03,+922.6141572E-03
+439.5000E-06,-29.1457996E-03,+922.6141572E-03
+440.0000E-06,-29.1457996E-03,+118.5940510E-03
+440.5000E-06,+51.2562096E-03,+118.5940510E-03
+441.0000E-06,-29.1457996E-03,+922.6141572E-03
+441.5000E-06,-29.1457996E-03,+118.5940510E-03
+442.0000E-06,-29.1457996E-03,+118.5940504E-03
+442.5000E-06,-109.5478088E-03,+922.6141572E-03
+443.0000E-06,-29.1457996E-03,+922.6141566E-03
+443.5000E-06,+51.2562096E-03,+118.5940504E-03
+444.0000E-06,-29.1457995E-03,+922.6141572E-03
+444.5000E-06,-29.1457996E-03,+118.5940510E-03
+445.0000E-06,-29.1457995E-03,+922.6141566E-03
+445.5000E-06,-29.1457996E-03,+922.6141566E-03
+446.0000E-06,-29.1457996E-03,+118.5940504E-03
+446.5000E-06,-29.1457996E-03,+922.6141566E-03
+447.0000E-06,-29.1457996E-03,+922.6141566E-03
+447.5000E-06,-29.1457995E-03,+118.5940516E-03
+448.0000E-06,-29.1457995E-03,+922.6141566E-03
+448.5000E-06,+51.2562096E-03,+118.5940510E-03
+449.0000E-06,-29.1457996E-03,+922.6141572E-03
+449.5000E-06,+51.2562096E-03,+118.5940504E-03
+450.0000E-06,-29.1457996E-03,-685.4260564E-03
+450.5000E-06,-29.1457995E-03,+922.6141572E-03
+451.0000E-06,-109.5478087E-03,+922.6141572E-03
+451.5000E-06,-109.5478087E-03,+118.5940510E-03
+452.0000E-06,-29.1457996E-03,+118.5940510E-03
+452.5000E-06,+51.2562095E-03,+922.6141566E-03
+453.0000E-06,-29.1457996E-03,+922.6141572E-03
+453.5000E-06,+51.2562095E-03,+118.5940510E-03
+454.0000E-06,+51.2562097E-03,+22.6311570586E+00
+454.5000E-06,-109.5478087E-03,+33.0834184289E+00
+455.0000E-06,-29.1457996E-03,+33.0834184289E+00
+455.5000E-06,-29.1457996E-03,+33.0834184289E+00
+456.0000E-06,-29.1457996E-03,+33.0834184289E+00
+456.5000E-06,-29.1457996E-03,+33.0834184289E+00
+457.0000E-06,-29.1457995E-03,+32.2793983227E+00
+457.5000E-06,-109.5478087E-03,+33.8874385351E+00
+458.0000E-06,-29.1457996E-03,+33.8874385351E+00
+458.5000E-06,-29.1457996E-03,+33.0834184289E+00
+459.0000E-06,-29.1457996E-03,+33.8874385357E+00
+459.5000E-06,-29.1457996E-03,+33.0834184289E+00
+460.0000E-06,-29.1457996E-03,+33.8874385351E+00
+460.5000E-06,-29.1457996E-03,+33.8874385351E+00
+461.0000E-06,-29.1457996E-03,+33.8874385357E+00
+461.5000E-06,-29.1457996E-03,+33.0834184289E+00
+462.0000E-06,-109.5478087E-03,+33.0834184289E+00
+462.5000E-06,-29.1457996E-03,+33.0834184289E+00
+463.0000E-06,-29.1457995E-03,+33.0834184289E+00
+463.5000E-06,+51.2562095E-03,+33.0834184295E+00
+464.0000E-06,-109.5478088E-03,+33.8874385357E+00
+464.5000E-06,-29.1457995E-03,+33.0834184289E+00
+465.0000E-06,-29.1457996E-03,+33.0834184289E+00
+465.5000E-06,-29.1457996E-03,+33.8874385357E+00
+466.0000E-06,-29.1457995E-03,+33.8874385351E+00
+466.5000E-06,-29.1457996E-03,+33.0834184289E+00
+467.0000E-06,-29.1457996E-03,+33.8874385351E+00
+467.5000E-06,-29.1457996E-03,+33.0834184289E+00
+468.0000E-06,+51.2562095E-03,+33.0834184295E+00
+468.5000E-06,-29.1457996E-03,+33.0834184295E+00
+469.0000E-06,-29.1457996E-03,+33.0834184289E+00
+469.5000E-06,-29.1457995E-03,+32.2793983227E+00
+470.0000E-06,-29.1457996E-03,+33.0834184289E+00
+470.5000E-06,-29.1457996E-03,+33.0834184289E+00
+471.0000E-06,-109.5478088E-03,+33.8874385357E+00
+471.5000E-06,-109.5478087E-03,+33.0834184289E+00
+472.0000E-06,+51.2562095E-03,+33.0834184289E+00
+472.5000E-06,-29.1457996E-03,+33.8874385351E+00
+473.0000E-06,+51.2562095E-03,+33.0834184295E+00
+473.5000E-06,-29.1457996E-03,+33.8874385357E+00
+474.0000E-06,-109.5478087E-03,+33.0834184289E+00
+474.5000E-06,-29.1457996E-03,+33.0834184295E+00
+475.0000E-06,-29.1457995E-03,+33.0834184289E+00
+475.5000E-06,+51.2562095E-03,+33.0834184289E+00
+476.0000E-06,-29.1457996E-03,+33.0834184289E+00
+476.5000E-06,+51.2562096E-03,+33.0834184289E+00
+477.0000E-06,+51.2562095E-03,+33.0834184289E+00
+477.5000E-06,-29.1457995E-03,+33.0834184289E+00
+478.0000E-06,-29.1457996E-03,+32.2793983221E+00
+478.5000E-06,-109.5478087E-03,+33.0834184289E+00
+479.0000E-06,-29.1457996E-03,+33.8874385350E+00
+479.5000E-06,-29.1457996E-03,+33.0834184289E+00
+480.0000E-06,-109.5478087E-03,+34.6914586418E+00
+480.5000E-06,-29.1457996E-03,+33.0834184289E+00
+481.0000E-06,-29.1457996E-03,+33.0834184289E+00
+481.5000E-06,-29.1457996E-03,+32.2793983227E+00
+482.0000E-06,-29.1457996E-03,+33.0834184283E+00
+482.5000E-06,-29.1457996E-03,+33.8874385350E+00
+483.0000E-06,-29.1457996E-03,+33.0834184289E+00
+483.5000E-06,-29.1457996E-03,+33.0834184295E+00
+484.0000E-06,-109.5478088E-03,+33.0834184289E+00
+484.5000E-06,-29.1457996E-03,+33.0834184283E+00
+485.0000E-06,+51.2562095E-03,+33.0834184295E+00
+485.5000E-06,-29.1457996E-03,+33.0834184289E+00
+486.0000E-06,-29.1457996E-03,+33.0834184295E+00
+486.5000E-06,-29.1457996E-03,+33.0834184289E+00
+487.0000E-06,-109.5478087E-03,+33.8874385350E+00
+487.5000E-06,-29.1457996E-03,+33.8874385357E+00
+488.0000E-06,+51.2562095E-03,+33.8874385357E+00
+488.5000E-06,-29.1457996E-03,+33.0834184289E+00
+489.0000E-06,-29.1457995E-03,+33.0834184283E+00
+489.5000E-06,-109.5478087E-03,+33.8874385350E+00
+490.0000E-06,-29.1457996E-03,+33.0834184289E+00
+490.5000E-06,-29.1457996E-03,+33.0834184295E+00
+491.0000E-06,-29.1457996E-03,+33.8874385350E+00
+491.5000E-06,-29.1457996E-03,+33.8874385357E+00
+492.0000E-06,-29.1457995E-03,+33.0834184295E+00
+492.5000E-06,+51.2562096E-03,+33.8874385351E+00
+493.0000E-06,+131.6582189E-03,+33.8874385351E+00
+493.5000E-06,+453.2662555E-03,+32.2793983227E+00
+494.0000E-06,+614.0702739E-03,+33.0834184289E+00
+494.5000E-06,+855.2763015E-03,+33.0834184283E+00
+495.0000E-06,+1.0964823291E+00,+33.8874385351E+00
+495.5000E-06,+1.3376883566E+00,+33.0834184283E+00
+496.0000E-06,+1.5788943841E+00,+33.0834184289E+00
+496.5000E-06,+1.7396984026E+00,+33.0834184295E+00
+497.0000E-06,+1.9005024210E+00,+33.8874385357E+00
+497.5000E-06,+2.2221104577E+00,+33.0834184289E+00
+498.0000E-06,+2.3829144761E+00,+33.0834184289E+00
+498.5000E-06,+2.5437184945E+00,+33.8874385351E+00
+499.0000E-06,+2.7849245221E+00,+32.2793983233E+00
+499.5000E-06,+3.1065325587E+00,+33.0834184289E+00
